,driver_id,career_len,rides_per_day,profit,responding,arrival,waiting,speed,total_duration,average ride time,average dist per ride,10_to_6,9_to_5,prime_time,Unnamed: 0
0,619fb670865cb3e2583cc22fde1337f1,56,12.181818181818182,123.911024134343,49.25074626865672,38.728358208955214,128.5701492537313,6.431237228150646,8669.783333333342,12.939975124378119,3.102640203483805,0.056716417910447764,0.2253731343283582,0.029700857576217782,211.0
1,8224c23bca05c2adb3fdf40752eb1b3c,70,6.462962962962963,83.99353583725069,32.02292263610316,15.40974212034384,2.1432664756446997,9.289493937274665,5219.0499999999965,14.954297994269336,5.179186270917159,0.2808022922636103,0.16045845272206305,0.016685667570407132,210.0
2,c56b62b863a81370827e04d2c0a669a8,57,2.8421052631578947,38.75653623486059,293.1666666666667,291.07407407407413,1594.9259259259259,8.64382248280694,903.95,16.739814814814814,5.394608509860724,0.0,0.2777777777777778,0.017515718052252154,209.0
3,28e4da66781b209cd9a299365a0dcab0,46,3.0,32.70605250093322,202.96296296296296,207.44444444444446,3189.518518518519,7.1165699782451055,367.73333333333335,13.619753086419756,3.613627670694543,0.0,0.14814814814814814,0.009064539521392313,208.0
4,f129b4923a3e5d5f676a592a8e4b7efd,55,4.5,47.62975653663406,241.7333333333333,230.95555555555558,3.0222222222222217,7.211120988787244,581.1833333333334,12.915185185185187,3.472217044116084,0.13333333333333333,0.06666666666666668,0.028677124257979414,207.0
5,1805f90c5220ac830835df3309a76e78,63,1.761904761904762,23.112524337592006,231.48648648648648,211.59459459459458,2.324324324324324,8.060484090290997,612.8333333333331,16.563063063063062,4.977430734573415,0.0,0.027027027027027032,0.014277943976067447,206.0
6,8b0662c4244f85c5dd7ab46810ca6b04,40,2.1666666666666665,27.41548060741716,361.41025641025635,348.9743589743589,2.4615384615384617,9.129019941848512,567.4833333333335,14.550854700854705,4.952404441636053,0.02564102564102564,0.5128205128205128,0.025698258392316955,205.0
7,7473815d8eb56f765461525f1bf48c93,38,4.25,49.62751083208024,390.0294117647058,372.1176470588235,1.5882352941176472,8.596852521269215,456.4500000000001,13.425,4.3028599959501115,0.05882352941176471,0.5294117647058824,0.0,204.0
8,16cd1e08be52741e1516cade45ae7754,32,3.8125,53.1343240422575,350.75409836065575,336.3770491803278,0.18032786885245905,11.176076429295394,887.9666666666667,14.5568306010929,6.065402638328267,0.08196721311475409,0.3114754098360656,0.01079244716393258,203.0
9,51b528390e8e7780595f6009b1f4cf72,30,17.142857142857142,183.49257858708125,262.26666666666665,249.7625,3.095833333333333,6.509650680285679,3341.7333333333318,13.923888888888884,3.379260545730962,0.2,0.4083333333333333,0.028677732115070024,202.0
10,f91254f1c1b3112ef3464e477d23c9e8,35,1.6111111111111112,18.729132589435107,155.6206896551724,142.58620689655172,2.862068965517241,9.365417762859478,367.4333333333333,12.670114942528734,4.4239596184857115,0.6896551724137931,0.03448275862068965,0.04649369500136079,201.0
11,91278ab4c7170ed070a5cd653cab3d26,30,3.636363636363636,40.77839748573762,254.525,243.875,1.775,8.586545406789677,507.6333333333334,12.690833333333336,4.062674761082183,0.375,0.25,0.008208024164423141,200.0
12,6a464f9c764040d89517cb5ed9257953,32,9.347826086956523,109.088712817911,329.3906976744186,320.33953488372094,1.8930232558139533,8.633920628502107,2885.166666666667,13.419379844961243,4.319604078632842,0.19069767441860466,0.2372093023255814,0.02483969730229334,199.0
13,85bfeb44e07b0d4e86c637353080289d,48,11.472222222222221,130.82016697884902,167.08232445520582,152.544794188862,2.2929782082324457,7.387188253540581,5888.866666666666,14.258757062146893,3.92703055959264,0.13801452784503632,0.2324455205811138,0.04209921546873762,198.0
14,0abc4faab8bbdf4d62412655fe0a2398,33,7.666666666666668,78.59363704928037,187.65217391304347,177.91304347826087,2.4130434782608696,8.209167410429682,522.8666666666664,11.366666666666662,3.478849822854737,0.3043478260869565,0.0,0.03426622465893153,197.0
15,6b941e22c8f9b2f159cce49fef9febff,39,6.375,74.76248790601528,400.86274509803917,392.0,1.803921568627451,8.245876603543067,709.3666666666664,13.90915032679738,4.276031314261822,0.09803921568627452,0.6078431372549019,0.008810676190028666,196.0
16,162441a5f1b85a5c3780686296c3bc75,48,2.2777777777777777,34.08007576282709,391.39024390243895,384.8780487804878,2102.6341463414637,10.988448431392202,665.1333333333333,16.22276422764228,6.646066392312923,0.024390243902439025,0.24390243902439024,0.011902375463566204,195.0
17,9da29e218f6be3ea257d35f98eee1088,60,7.021739130434782,79.84548938037976,244.89783281733745,236.65944272445824,0.16408668730650156,7.9144422825525185,4385.733333333327,13.578121775025783,4.006484438114181,0.11145510835913312,0.2724458204334365,0.02698142461921989,194.0
18,604097f005384ad20d982e7584f27c09,28,3.6666666666666665,46.7372650853421,260.3818181818182,246.29090909090908,3.418181818181818,11.462467872498861,693.8500000000003,12.61545454545455,5.391188030779417,0.5636363636363636,0.0,0.0432370108813144,193.0
19,19029e596b5c3e45cc6b3cca0640fa58,33,4.5,70.25891168429294,322.53333333333336,308.4,2.1111111111111107,12.411764705882351,709.75,15.772222222222224,7.298437040443081,0.13333333333333333,0.13333333333333333,0.02172126335564166,192.0
20,dfe29c1db80f470f4fa8046bc7e5d8a0,56,4.818181818181818,56.24848216038875,392.41509433962267,410.3396226415094,1600.1132075471698,9.26137143417312,680.0666666666666,12.831446540880506,4.430516576466013,0.05660377358490566,0.37735849056603776,0.017155180864621117,191.0
21,a854b4bcf206030120913620bc664396,59,9.078947368421053,97.29033234687685,225.3855072463768,211.30434782608697,2.455072463768116,6.534404847845401,4802.133333333331,13.919227053140089,3.3909751103296824,0.06666666666666668,0.23768115942028986,0.019869641270546426,190.0
22,b14d2355eb3b7daf6b07c44a31fb23d4,41,5.0,52.789518146155174,201.6,195.15,0.05,6.6017241379310345,541.3333333333333,13.533333333333333,3.330930692084954,0.0,0.075,0.013084975369458128,189.0
23,787fafc34f07b372b60981ccdc4018eb,27,5.214285714285714,61.435171671380225,361.3835616438356,343.1917808219178,4.438356164383562,10.01380608722937,902.9833333333332,12.369634703196347,4.618059202691957,0.3835616438356164,0.1780821917808219,0.02768600380221119,188.0
24,c9b9fc54bf7c8edcbe35b1091f38cf0f,46,4.833333333333333,84.88256411289375,383.70689655172407,370.5862068965517,0.3793103448275862,11.320718946563987,1134.0666666666675,19.552873563218405,8.252547735353495,0.0,0.4655172413793103,0.016166010228675563,187.0
25,fac81ea6cbd540c89c7eee17e851a233,35,5.5555555555555545,54.884902574738476,389.52,377.18,1727.52,7.765682323930956,554.2333333333332,11.084666666666665,3.2092659102489223,0.0,0.88,0.01353220665183136,186.0
26,9e003a96a6aa5a9207530767c2a8b310,26,5.333333333333333,68.58780750079744,285.53125,271.21875,2.046875,8.96201173396099,963.0166666666664,15.047135416666665,5.027623901723688,0.0,0.515625,0.02206607708416261,185.0
27,0822973f3e812a68a867962dbbd37f5d,27,2.4,23.806452206080337,158.38888888888889,146.69444444444446,2.305555555555556,7.057879453774918,424.73333333333335,11.798148148148151,3.1044990147790053,0.8055555555555556,0.0,0.02256317689530686,184.0
28,10ab4d373b29fb6ee31ae2b7b39fc574,21,3.2,44.89051603514483,571.6875,556.96875,2.5,10.383158606695977,492.8333333333335,15.401041666666671,5.961877229174693,0.34375,0.15625,0.015218126479540075,183.0
29,133c19880625cbe91986ee3c402866cd,36,5.1,60.02978029005681,212.82352941176467,202.2549019607843,2.2745098039215685,5.7176863012660135,879.3999999999997,17.243137254901956,3.675699964204057,0.13725490196078433,0.392156862745098,0.01753089227503601,182.0
30,367091701b7a57ef3e93c9fe2f6d3b3c,39,2.588235294117647,27.038414169052853,318.84090909090907,305.6818181818182,2.386363636363636,7.7628684557853065,530.3666666666667,12.05378787878788,3.488584253059132,0.045454545454545456,0.20454545454545456,0.014926780214945638,181.0
31,58d8c3038cd500e773aff605e28ce8a7,34,3.125,40.82552159710399,394.92,383.34,2.5,11.594209239480119,647.5833333333331,12.951666666666664,5.5984813650316285,0.06,0.34,0.028310384763865656,180.0
32,2ba60fe37b426385154d69d8eff687e1,39,3.1538461538461537,33.77865998770638,200.9268292682927,190.04878048780492,2.0975609756097557,7.6859554528532,519.2999999999998,12.665853658536582,3.629407843906319,0.07317073170731707,0.2926829268292683,0.014442518775274409,179.0
33,1f8e4a81c9da3260c84f14483319a338,44,4.888888888888889,51.943396641549406,301.5681818181818,280.65909090909093,2.636363636363636,7.703444302953127,549.6999999999998,12.493181818181816,3.588074501461356,0.0,0.7727272727272727,0.019707719362076284,178.0
34,de0746635475c2be3d26489184659460,46,8.529411764705884,113.49994523269432,6.3517241379310345,292.651724137931,2.4034482758620688,8.856552243452825,4603.766666666666,15.87505747126437,5.241836126439496,0.31724137931034485,0.2241379310344828,0.015747974484661108,177.0
35,5718c878f7879770af94d41951431983,45,4.875,56.41257846125326,216.89743589743588,206.7435897435897,1.948717948717949,6.260253502334889,624.5833333333335,16.014957264957268,3.737843798365503,0.0,0.9487179487179488,0.022014676450967312,176.0
36,6df6c8f8d3c2a93314245a604c02bed1,37,1.4545454545454546,20.053700320590675,425.875,409.0625,3.0625,8.65111002085122,271.76666666666665,16.985416666666666,5.478371568469062,0.125,0.625,0.02606402551208144,175.0
37,5c00ecb439cd4e2377e9bb3de84b0e74,66,4.166666666666667,49.75437674139712,159.12,143.78,2.34,6.933786972276058,791.1333333333333,15.822666666666667,4.090285458635217,0.02,0.42,0.008426729586247577,174.0
38,e121472f6b4dd372dfceb87c7e30cbac,48,6.333333333333332,81.50224801816616,260.57894736842104,246.34210526315792,1.7368421052631582,6.80115160313984,677.3166666666666,17.824122807017538,4.5195382481082484,0.0,0.8421052631578947,0.009842761878983242,173.0
39,6241b9c147df1d0c7027321d4e1d53cf,27,8.25,89.27716906679285,259.68831168831167,246.11255411255408,2.29004329004329,7.3249781945050145,3057.333333333332,13.235209235209227,3.6144364415581185,0.14285714285714285,0.1774891774891775,0.03270824247710423,172.0
40,7553628edc729ab03cedd3ded8de8736,25,2.9,41.680088879085005,312.82758620689657,292.4827586206896,1.4137931034482758,10.45143683354419,461.08333333333337,15.899425287356324,6.195279024213398,0.13793103448275862,0.3793103448275862,0.036146755828664376,171.0
41,ba5185bc3765e91878ea56a67f156acb,42,6.375,83.28055831220667,172.2352941176471,167.35294117647058,1689.9607843137255,8.564515463917525,808.3333333333333,15.849673202614376,5.060885999546278,0.35294117647058826,0.392156862745098,0.016494845360824743,170.0
42,118be60e268514eb85f66ddb82bfa407,22,3.0,41.5171608660725,375.6923076923077,360.2564102564103,1.6666666666666667,11.194234362487768,561.95,14.408974358974358,6.013549749491192,0.2307692307692308,0.5128205128205128,0.013346383130171724,169.0
43,edca8abe7dd3a699bde27f9241e73dda,37,2.25,26.92482982568423,374.1481481481482,359.0740740740741,2.0370370370370368,7.94021304366132,395.84999999999985,14.661111111111106,4.3401274688634714,0.07407407407407407,0.2962962962962963,0.01578880889225717,168.0
44,b1adb42b262bed41aeab28e9f6e93633,42,13.433333333333335,157.63147147802474,14.63275434243176,1.7468982630272951,2.4565756823821343,6.64631961144905,6362.0999999999985,15.786848635235732,3.9118312483631152,0.06451612903225806,0.5037220843672456,0.0173553805609259,167.0
45,9ac5116c46dc8515c0aec6f7153c6440,56,6.615384615384616,72.88061576105048,179.54651162790694,166.08527131782947,2.3217054263565893,7.541736110104685,3450.05,13.372286821705424,3.759936063153821,0.12790697674418605,0.22868217054263565,0.0363521301623648,166.0
46,e0493acb44c53e68e3c3aca626cd466b,25,7.333333333333332,82.52807709992915,200.3636363636364,188.72727272727272,3.113636363636364,7.555381658429433,607.0000000000001,13.795454545454547,3.885937996039032,0.06818181818181818,0.13636363636363635,0.021965952773201538,165.0
47,148fb453d12992652b56d8bc2cfb1b78,46,3.625,36.279071314948986,190.0,181.68965517241375,2.0,7.606831176647607,332.3000000000001,11.458620689655175,3.2496722794480326,0.3793103448275862,0.03448275862068965,0.01880830574781824,164.0
48,5cf93f7d1d3a8f0cf395c84053c31b1b,39,4.0,51.153891994766255,216.35714285714286,207.5,2.071428571428572,8.644068455853754,428.5,15.303571428571427,4.931901986439872,0.25,0.17857142857142858,0.013613380007779074,163.0
49,d2fe91351bb890ca8ea9b76201b05964,23,5.375,66.557254341842,336.20930232558135,321.09302325581393,3.5581395348837215,7.730644482408577,673.1499999999999,15.654651162790694,4.51193194610184,0.0,0.2558139534883721,0.02290227537200723,162.0
50,b572ff3bea0c3095a3a5d24db765dd42,35,4.666666666666667,45.380110462582095,187.26190476190484,178.40476190476193,2.142857142857143,7.375730160991593,467.9333333333333,11.141269841269839,3.0636782780518725,0.047619047619047616,0.0,0.039179370280666766,161.0
51,d7ae05b007ca320a0d1fb128ccced638,57,6.486486486486488,76.64061164909299,214.8375,200.9958333333333,2.0791666666666666,6.912570251280432,3745.4833333333336,15.606180555555556,4.02197743588469,0.0041666666666666675,0.5583333333333333,0.022916490528592216,160.0
52,b2d3f2fb171a12cac427107690c10089,32,3.066666666666667,47.82827576411586,555.8478260869565,553.2826086956521,1865.391304347826,11.998494990790244,741.9666666666666,16.129710144927536,7.215339693668644,0.08695652173913042,0.6086956521739131,0.02358596522754841,159.0
53,f395649fb47860aebc4817c7a6ea90e6,46,3.615384615384616,38.16294073824816,267.9148936170213,266.0425531914894,1824.2978723404253,5.789553294786407,683.1500000000002,14.535106382978725,3.1373770508274967,0.0,0.1702127659574468,0.026226548586206055,158.0
54,fba8372d56b91b1bff7b71d970b5af58,59,3.1923076923076925,44.77187926106354,442.63855421686753,420.10843373493975,2.048192771084337,9.449974953878485,1364.1500000000005,16.435542168674704,5.790527614328468,0.012048192771084338,0.5542168674698795,0.009774096201541864,157.0
55,d1b2185245eeac47821e98471c915947,39,2.65,32.97893538427762,349.9433962264151,324.5471698113208,0.6792452830188679,11.663425696634777,639.3833333333333,12.06383647798742,5.2458396750478515,0.2641509433962264,0.3207547169811321,0.01303339154914892,156.0
56,9b665130b27de44f369a44b2cb752670,26,4.0,44.344892693991426,271.1388888888889,258.3055555555556,2.0277777777777777,9.21345861437093,427.4833333333332,11.874537037037035,4.078897767614881,0.5277777777777778,0.2777777777777778,0.038987874770946236,155.0
57,ddee9dcc776c7b87e68628ffa0f99dc7,47,1.4666666666666666,19.528202362597217,394.6818181818182,380.02272727272725,2.090909090909091,9.783250607779578,658.1333333333333,14.95757575757576,5.455666749892955,0.06818181818181818,0.4318181818181818,0.013295178282009724,154.0
58,6b0ba48a13c721f5fb766339a42d25f2,61,7.1224489795918355,72.03583859593772,37.86532951289399,26.59025787965616,1.1977077363896849,8.350248185833212,3837.8500000000017,10.996704871060178,3.4234611045414938,0.07163323782234958,0.498567335243553,0.014548075962670073,153.0
59,46fcd24790c5eae35fa517051024bfe7,48,12.416666666666664,140.89342502292175,15.822147651006713,3.1879194630872485,2.3288590604026846,8.684787301310424,3821.916666666666,12.825223713646533,4.152671531612067,0.14093959731543626,0.2080536912751678,0.01984170246167935,152.0
60,5a22303ccd79309f5324acc7b0e751bf,45,6.0,61.01633441193285,113.83333333333331,100.08333333333331,3.333333333333333,6.022303870834197,644.1333333333331,13.419444444444439,3.0130105094842192,0.04166666666666666,0.04166666666666666,0.015524736079486647,151.0
61,da3325f424c71942ca8a3401615a0e6c,55,4.4,45.5607276299601,275.6363636363636,248.77272727272728,2.8181818181818183,6.9229355622739925,281.15,12.779545454545454,3.2984441956442905,0.13636363636363635,0.4090909090909091,0.0074100420890390655,150.0
62,bf2693c5774a77e478e418119be97c5c,14,4.5,59.842096660742925,649.8148148148148,631.8888888888888,2.0,11.465314196338207,362.3,13.418518518518518,5.735799676794122,0.0,0.5185185185185185,0.00690035881865857,149.0
63,ed0c7d2a0d5f60d527c0c3643495ddca,30,2.9,43.4065999718311,540.1206896551723,519.8275862068965,2.362068965517241,13.40977030219109,818.4666666666667,14.111494252873564,7.055012485306678,0.05172413793103448,0.10344827586206896,0.00610898427954712,148.0
64,ac3c378542ada7cfedc24720ef9e3273,36,3.615384615384616,40.40845965426821,226.04255319148936,216.9787234042553,3.0,6.1873460090186425,717.0333333333333,15.256028368794324,3.5192436492401145,0.0,0.2127659574468085,0.01743294128585375,147.0
65,37ac4f9379c836b08c9a6e2315fd66af,50,2.75,28.219223341815077,294.1818181818182,299.0,1950.340909090909,5.830760356004834,606.7333333333336,13.789393939393944,2.9976009363522262,0.0,0.2272727272727273,0.06936050983408416,146.0
66,fb83fc6555a4f700fd92630d9fcb9cea,29,2.9411764705882355,44.766236197666714,505.16,470.26,2.68,11.085354241374418,822.6499999999999,16.452999999999996,6.799830986615633,0.16,0.24,0.01772726351830467,145.0
67,5e5bfc73736d6aa15ac33ea01d47e5ee,17,6.2,68.26870413130021,292.8709677419355,282.0,2.7741935483870965,7.972004991680532,400.6666666666666,12.924731182795696,3.841426479378242,0.25806451612903225,0.0967741935483871,0.022878535773710483,144.0
68,f1a2419d56c2a09edf4030caeebeb5b6,24,4.0,50.51518359286001,270.5,259.6875,2.375,7.160319030542848,539.1333333333332,16.847916666666666,4.497612375259424,0.0625,0.875,0.0038642265364164713,143.0
69,6db38fccb3ac1de3981b701eb5a15d84,55,3.533333333333333,49.5514476062651,514.811320754717,501.2264150943397,2.339622641509434,10.39592861809866,816.2666666666669,15.401257861635225,5.969293400716713,0.0,0.5094339622641509,0.0030627245998039857,142.0
70,b9926f42a5fd6cc0c455fe59a21961ab,45,7.116279069767443,110.62511471561888,33.323529411764696,19.225490196078432,1.1013071895424835,10.94564687670212,5232.4500000000035,17.099509803921578,6.9779610055711565,0.13398692810457516,0.3169934640522876,0.010113171968516979,141.0
71,7aee4951b59fcd1edda02bbecaa2a717,31,3.636363636363636,42.01191435148833,335.175,306.65,2.2,9.482692630518716,496.41666666666674,12.410416666666665,4.387543962121119,0.1,0.375,0.015108275977841196,140.0
72,bb2984ebd891be82156fff038a85aafa,44,4.25,49.44105521311014,228.67647058823533,217.38235294117646,1.7058823529411764,9.029371790999695,441.4666666666667,12.984313725490196,4.370991688956892,0.14705882352941174,0.17647058823529413,0.01982029598308668,139.0
73,34699d5745d74c7076fd1ef051b795a9,28,9.333333333333334,125.10454243354418,371.32142857142856,330.32142857142856,1542.607142857143,8.79572564612326,905.4,16.16785714285714,5.3018517795227496,0.0,0.5357142857142857,0.02208968411751712,138.0
74,6bc4ee6df691c3bed34c69aa93964ee9,45,3.583333333333333,40.176491881074774,283.13953488372096,263.093023255814,2.0930232558139537,7.164659628285494,606.1999999999998,14.097674418604651,3.7657066409717,0.0,0.627906976744186,0.014434180138568129,137.0
75,da8f13b0ebc53fe1147d982f087b5806,50,4.3,57.650366662938424,250.04651162790694,241.53488372093025,2.3488372093023258,8.859485228613392,692.2166666666667,16.098062015503878,5.317231012799988,0.02325581395348837,0.2325581395348837,0.01083475790335396,136.0
76,06b1ba06e5505f8218ec8686498f990a,13,6.2857142857142865,64.68739551321542,202.8181818181818,191.1590909090909,2.227272727272727,6.323619894035208,585.1,13.297727272727276,3.1350655322283445,0.0,0.6590909090909091,0.03418219107844813,135.0
77,7767360462c03c38f487f16f57b02e02,28,3.2857142857142856,37.18229751208275,358.86956521739125,349.9130434782609,0.3043478260869565,7.736605727570537,315.43333333333334,13.714492753623187,3.9557939225423766,0.0,0.6521739130434783,0.013209341646412343,134.0
78,1cf95d6dd025d792340b623bcff18260,43,6.142857142857142,61.38769563328832,275.25581395348837,264.04651162790697,2.4186046511627906,6.328137867927405,546.4166666666666,12.707364341085269,2.9980223006340023,0.02325581395348837,0.2325581395348837,0.017538508464236692,133.0
79,fd831ca1d79ae5c6fc3a679a22e5b8cf,16,3.8,34.36024088798306,179.26315789473685,168.68421052631578,2.473684210526316,6.019732149932642,210.31666666666672,11.069298245614037,2.4842809049541725,0.21052631578947367,0.15789473684210525,0.031698232823520085,132.0
80,9b7b9829183e266882d4815d95357a1a,18,4.6,49.91394969863421,297.7826086956522,291.4347826086956,1873.1739130434785,8.849682666830981,540.9666666666667,11.76014492753623,3.8801080215978367,0.1956521739130435,0.5434782608695652,0.028498367120586607,131.0
81,c7fa83cac784c0f6225cfe30bb96572b,12,6.833333333333332,73.06808935823244,219.3170731707317,207.53658536585363,2.268292682926829,6.829695240954813,555.0833333333335,13.538617886178866,3.447300165770122,0.0,0.5609756097560976,0.03452934994745534,130.0
82,af4bae4a0b7a75194dbd4951c78bb98a,12,3.25,40.64714412740627,362.92307692307685,350.73076923076917,1.8461538461538465,10.577249408050513,337.86666666666656,12.994871794871793,5.124460959150957,0.0,0.8076923076923077,0.034530386740331494,129.0
83,ac51126328b559dd3872766d2455bba0,40,5.9,69.88574118914171,197.54237288135596,183.5762711864406,1.6949152542372878,6.662120196209902,944.5666666666667,16.009604519774012,3.9764590305784897,0.0,0.5932203389830508,0.012792462151956806,128.0
84,514da6a81ecbe7cd98fc71045c66aae1,31,3.4444444444444446,38.82894575692175,201.64516129032262,189.29032258064515,3.548387096774193,7.604308124560993,427.1,13.77741935483871,3.90598911114434,0.41935483870967744,0.2258064516129032,0.008780145165066729,127.0
85,5f34c8fc5bdd33f14bb71999b8286aef,18,5.166666666666667,59.704633859567025,197.5161290322581,184.41935483870967,2.032258064516129,7.851760820308,433.98333333333335,13.9994623655914,4.098093508178268,0.12903225806451613,0.2903225806451613,0.01344137639694305,126.0
86,98a7f586f974550506502f52e47700f5,35,9.0,133.81548277485732,508.3703703703704,497.0,3.462962962962963,11.022840882873185,866.8666666666667,16.05308641975309,6.59713735881606,0.0,0.5,0.008651849573175422,125.0
87,276f6a36e30c69076c4cab7970ade946,9,4.666666666666667,62.217291244766095,475.6428571428572,529.7380952380952,1993.7142857142856,6.7955613908771335,787.0333333333333,18.738888888888887,4.747583599783881,0.0,0.3333333333333333,0.025941298547287283,124.0
88,d787d7b7e3798edd7498b9cbd9b59206,8,6.571428571428571,72.06280304792203,329.67391304347825,339.7391304347826,1857.304347826087,8.907814537404859,549.6166666666667,11.9481884057971,3.9680457719367546,0.021739130434782608,0.43478260869565216,0.014403978530490948,123.0
89,be22fe5992cb9557d7748113ea1f6057,22,6.8,101.80911829279913,318.0588235294117,308.38235294117646,2538.6764705882347,11.438044996121025,537.0833333333334,15.79656862745098,6.73624701101438,0.38235294117647056,0.3235294117647059,0.017843289371605897,122.0
90,d952de85df73349f0280fbb2345148ae,29,4.363636363636363,51.90445128908482,292.8541666666667,279.5208333333333,2.833333333333333,8.263085736669442,680.7666666666665,14.182638888888887,4.3692082882838115,0.0,0.3333333333333333,0.023258091367575773,121.0
91,7062cc9432dba19f5b474be707a73525,33,12.823529411764708,170.71797801303032,7.217889908256881,189.9885321100917,3.7889908256880735,8.35354037324507,7210.633333333336,16.538149847094807,5.150636998265743,0.022935779816513763,0.5045871559633027,0.01733550913234621,120.0
92,459af73e5a9d360ff51cf284c571f01b,19,3.272727272727273,34.417769460923374,324.3055555555556,298.9166666666667,11.527777777777779,7.53857875566788,448.4333333333335,12.456481481481486,3.500969341469174,0.08333333333333333,0.4166666666666667,0.01765405485765257,119.0
93,849726bb431c44a984e5f0f60923a0ff,26,5.4,68.09058434803501,333.5925925925926,317.3148148148148,3.611111111111111,10.611706881143878,708.7,13.124074074074075,5.192271135763499,0.0925925925925926,0.24074074074074076,0.01175861906777668,118.0
94,57c15602f0b088ce6b9e4f88edce149c,31,4.083333333333333,46.88987445370982,303.6530612244898,308.2244897959184,1748.6326530612243,8.480414805688177,649.3000000000002,13.251020408163269,4.189573974170677,0.20408163265306126,0.22448979591836732,0.023101801940551364,117.0
95,ccf0631bc6ad481b3d7becb69564f61b,16,5.833333333333332,80.00930399280311,224.88571428571427,210.22857142857143,2.8571428571428568,8.33177041674711,604.2833333333333,17.265238095238093,5.363068090024481,0.028571428571428567,0.2571428571428571,0.03171801307333756,116.0
96,e33e7bd3f983ccbc3014e3689b1062f7,29,7.333333333333332,76.47129223366926,244.5681818181818,232.0,1.7954545454545454,7.785887236250432,530.0166666666668,12.045833333333333,3.496619732312625,0.1590909090909091,0.18181818181818185,0.018867331215999497,115.0
97,32b84f6d92b60badb7a8a6c47088151d,37,2.6,34.82531984015532,330.38461538461536,329.4871794871795,2207.076923076923,11.430009753641885,529.7166666666667,13.582478632478631,5.788007378721585,0.41025641025641024,0.0,0.007865840229053267,114.0
98,e246b5012a29db02ad24ce4b7e332b9b,53,4.285714285714286,38.61307697861353,217.2333333333333,202.03333333333333,4.233333333333333,4.8110310670868985,370.1666666666666,12.338888888888887,2.2131847009747267,0.0,0.6666666666666666,0.018009905447996397,113.0
99,e72a4e847306ddfd0540d630c79b33e4,14,3.75,39.104960990219595,220.7333333333333,207.4,3.7,6.905546968916366,388.2,12.94,3.331469215123384,0.2333333333333333,0.03333333333333333,0.046153185643139284,112.0
100,ac986e2a577103efe48b23cd17a4b6ed,35,6.0,70.1746383273356,212.6190476190476,199.90476190476193,2.452380952380953,7.224158079252097,627.5333333333333,14.941269841269838,4.024187377611764,0.2857142857142857,0.14285714285714285,0.017263359184107086,111.0
101,7f47fd2db9cfdc30fe46068ad017152b,41,4.2727272727272725,52.65262347937851,329.27659574468083,313.29787234042567,2.25531914893617,8.11508644991543,709.4666666666667,15.09503546099291,4.56699706950041,0.06382978723404255,0.5744680851063829,0.024079120466077804,110.0
102,8969d175c4676642b245af55d2dba19b,15,4.142857142857143,46.454337072813644,279.4482758620689,268.79310344827593,1.8965517241379308,11.448489161375086,304.4666666666667,10.498850574712645,4.481190190195767,0.8965517241379308,0.0,0.027370264944164658,109.0
103,02e440f6c209206375833cef02e0cbae,48,4.0,51.34878876019568,265.73214285714283,238.42857142857144,2.392857142857143,9.10567561624118,833.6833333333333,14.88720238095238,5.0539240575994775,0.17857142857142858,0.25,0.01599328282121509,108.0
104,be34f66b259b110d8908297419741202,48,2.888888888888889,35.96276925875756,357.3653846153846,344.46153846153845,3.3269230769230766,10.177537546252632,689.15,13.252884615384614,5.028709810328363,0.0576923076923077,0.2692307692307692,0.008464533604198408,107.0
105,122972e7c73c944e744e6eca819d93e7,24,3.636363636363636,43.55240708651128,397.575,369.8,9.7,9.107785542019665,539.0333333333335,13.475833333333338,4.5758509699628425,0.075,0.75,0.01391379630202214,106.0
106,add2977c3e55ba8475f60054a75a8b14,10,5.625,76.79081112029364,313.64444444444445,301.6666666666667,1.3111111111111111,10.552361499861313,660.9499999999998,14.687777777777775,5.778421243767286,0.3111111111111111,0.26666666666666666,0.037824343747635984,105.0
107,6cdff0516a17236168522e0a270f4671,32,4.142857142857143,53.86604010576356,224.68965517241375,211.24137931034485,2.1379310344827585,10.259899975403787,406.56666666666666,14.019540229885056,5.362660983748746,0.06896551724137931,0.3793103448275862,0.014347790440272196,104.0
108,179ef343f855d34fa0262c720cdb9a52,3,5.25,56.99217236154779,164.28571428571428,151.0,2.095238095238096,8.824497991967874,249.00000000000003,11.857142857142858,3.9009780406874865,0.7142857142857143,0.0,0.0284471218206158,103.0
109,7c64b8d49dd5fbe34f44a9b4bae0e7b4,46,9.555555555555557,105.18871122599609,153.39147286821702,141.68217054263562,2.193798449612403,8.737632462074295,3148.699999999997,12.20426356589146,3.9756559648940786,0.1821705426356589,0.2325581395348837,0.027524586866537512,102.0
110,8c0d55bf42d242ac86f43c4031d6371f,33,2.6666666666666665,28.22858011174584,208.16666666666663,198.45833333333331,2.5416666666666665,5.70647658610272,353.06666666666666,14.711111111111109,3.1298026934436893,0.0,0.04166666666666666,0.017702039274924468,101.0
111,163b1ac215580e695280d8f94c687ef4,28,4.642857142857143,56.156647789362935,523.5538461538462,508.0,1.8615384615384616,10.925733987647009,787.9333333333328,12.122051282051276,4.937762350739098,0.0,0.5384615384615384,0.008989762247229038,100.0
112,ad6a8aef632e7684c3b1e1e9dc0f7d23,4,9.2,120.13943997000841,401.0869565217391,389.7173913043478,1.9782608695652173,10.713723299550448,626.55,13.620652173913042,5.440537060561148,0.5434782608695652,0.021739130434782608,0.04056606283084617,99.0
113,a909251d04212c2b8d369aa619c13ddf,37,2.380952380952381,29.15828087487704,308.4,292.26,2.1,9.179476686806444,692.3833333333333,13.847666666666667,4.7391228702449455,0.18,0.24,0.014442866427556987,98.0
114,42256e33936dfa69088f540a720edc97,22,7.0,87.4138403809429,267.37142857142857,253.5142857142857,2.5142857142857142,8.198305665431214,535.1166666666667,15.28904761904762,4.673131310262059,0.17142857142857146,0.17142857142857146,0.02725262403837169,97.0
115,bde37c58877c64b6ce4b309dc2154bad,21,4.0,46.36215043986285,232.0,220.19444444444446,1.5555555555555556,7.111173097783976,537.75,14.9375,3.96025009562236,0.027777777777777776,0.75,0.015496668216333487,96.0
116,acd7dc6118befb6724aa3752d1cdbea1,26,5.384615384615384,81.12361244153921,436.61428571428564,423.8714285714285,2.4,12.449285022774525,1050.15,15.002142857142855,6.963076256637592,0.2571428571428571,0.21428571428571427,0.025789966512720402,95.0
117,46b9dc30efea1755f8ada69668793bf5,33,4.0,51.86577281547536,214.7142857142857,195.35714285714286,1.9642857142857144,10.658228401539,381.2000000000001,13.614285714285714,5.409826388457381,0.7142857142857143,0.07142857142857142,0.03716334382651277,94.0
118,4aa585f63fbe04dcded4019662cc47f8,28,6.0,65.42488097930708,208.76190476190484,199.78571428571428,1.738095238095238,6.002012232253965,629.4833333333332,14.987698412698412,3.3537853731224927,0.16666666666666666,0.19047619047619047,0.015224125605655432,93.0
119,4e428667c6bb84323046e5647dfdfff0,20,3.75,50.202342586263796,345.02222222222224,330.5111111111111,2.4888888888888894,10.317034057934123,654.7666666666669,14.550370370370375,5.59670423900481,0.0,0.5555555555555556,0.00827266710787558,92.0
120,455ec8a8532948fe2c5e308af37216a1,29,10.304347826086957,120.17098776273932,231.97468354430382,215.48101265822785,2.6582278481012658,8.230205196406642,3270.849999999998,13.801054852320664,4.2347364768711175,0.08016877637130802,0.3881856540084388,0.024203698325104075,91.0
121,764289a2931fb70d1d27d5603d49edd2,25,2.7857142857142856,31.829025449060158,254.94871794871798,245.61538461538458,2.948717948717949,6.916599562866675,579.5333333333333,14.859829059829064,3.8318622732109007,0.02564102564102564,0.28205128205128205,0.004313815713792707,90.0
122,2ba51f9574a5c08327a718edada3e052,18,5.0,59.42967547980329,198.375,189.575,1.725,7.936187306323884,580.8666666666667,14.521666666666665,4.296668199386084,0.075,0.375,0.016498335820039022,89.0
123,400daded5197f955191887cd567338ee,29,8.5,121.77700670875437,432.5294117647058,423.60294117647067,1270.1617647058827,10.059692707075586,1104.2666666666664,16.239215686274505,6.090503670119793,0.0,0.7205882352941176,0.015092972711905338,88.0
124,cc2186bc2bd14948eb9b490d14fcd686,11,7.7142857142857135,86.2038400977153,205.2962962962963,194.5,1.9259259259259256,6.2144705977513555,824.2000000000003,15.262962962962966,3.5362782718841723,0.0,0.5925925925925926,0.0161773032435493,87.0
125,706466935b9e1d04e4e116be7ce90ea9,43,3.8,41.95601245148114,396.31578947368416,382.5789473684209,4.421052631578949,8.053216294061171,243.03333333333333,12.79122807017544,3.840475958434743,0.10526315789473684,0.3684210526315789,0.010286654779865588,86.0
126,881527a718b502bacbd04b6f45fcc2fc,16,3.6666666666666665,42.65217044633894,254.45454545454547,242.45454545454547,1.9545454545454544,9.906955848179708,537.9166666666665,12.225378787878785,4.515501555126495,0.09090909090909093,0.2954545454545455,0.0209140201394268,85.0
127,df11122e91571fcd91143da33fd3542a,14,3.3,40.10142827535926,226.0,215.75757575757572,1.9696969696969695,6.33718558803535,563.8833333333333,17.087373737373742,4.037152817398137,0.0,0.7878787878787878,0.02438447669435167,84.0
128,aeda204ee39ccc79f22fe31ed73882ad,13,3.9,37.5264563730059,179.17948717948718,195.35897435897442,2191.7179487179487,6.303778499304242,467.11666666666673,11.977350427350428,2.8149140928292633,0.0,0.05128205128205128,0.02586791308381204,83.0
129,2f50e03ac03a920d1447b894643797f6,35,4.0,43.177224535109644,319.25,308.53125,2.71875,6.290043446777698,460.33333333333326,14.385416666666664,3.3734908409658617,0.125,0.5,0.023533671252715424,82.0
130,314d2be0d3461375f9e9ecf56b2b04ee,13,4.083333333333333,53.789764710654346,383.0408163265306,446.1836734693877,1680.0204081632653,8.111511897198369,813.2166666666666,16.596258503401362,5.018979766835587,0.0,0.3877551020408163,0.004611317197138935,81.0
131,370e9f95700973dd95508e2f39b2bd29,20,5.7,65.5632044970816,360.40350877192975,338.6140350877193,1510.561403508772,8.52741087599947,754.5666666666666,13.23801169590643,4.208655656813876,0.08771929824561403,0.2631578947368421,0.011043866236692141,80.0
132,32d6b6b2ad34385519bd4492ce78eee4,40,2.9,27.41507629421585,270.82758620689657,257.1034482758621,1.9655172413793105,5.647171129220022,357.91666666666674,12.341954022988508,2.5984736514390354,0.0,0.4137931034482759,0.019790454016298017,79.0
133,3b6ae24dc593e6609bf90a1b80630439,21,6.5555555555555545,103.72116211522648,402.4915254237288,392.9322033898305,1463.5254237288134,8.197773227882827,1245.45,21.109322033898305,6.451692061152346,0.11864406779661014,0.4406779661016949,0.006021919788028424,78.0
134,117ea72f13b43f0f4055b0472dcb6b1b,17,2.235294117647059,29.372581268121852,604.7894736842105,581.921052631579,2.9473684210526314,8.945360126439377,590.5333333333335,15.540350877192989,5.182771884911305,0.0,0.6052631578947368,0.0014111537593136149,77.0
135,fff482c704d36a1afe8b8978d5486283,34,2.1875,22.338076786912648,250.4,230.11428571428573,2.085714285714286,6.2974036760192105,461.55,13.187142857142856,3.096105058151612,0.0,0.8571428571428571,0.0063192864622828885,76.0
136,2b4078909534095c15f578c588667bc9,8,6.625,75.95545397492144,261.8490566037736,253.47169811320754,1623.0,8.663048983431011,691.05,13.038679245283015,4.211218896484226,0.33962264150943394,0.0,0.021103152207992668,75.0
137,7da41cde0e0d0503549eeb7ca5609a9f,12,5.571428571428571,71.8081049729348,261.8205128205128,259.1025641025641,2209.2051282051284,10.277015755329009,539.5,13.833333333333336,5.300261645720033,0.02564102564102564,0.38461538461538464,0.011584800741427249,74.0
138,a0b52413e2eedcc5ca6f31d53ab1a96c,39,4.1,41.89603188222087,321.63414634146335,308.6829268292683,1.9756097560975612,7.3461046824542535,495.4666666666668,12.084552845528455,3.309719148616294,0.14634146341463414,0.4634146341463415,0.014296286329386438,73.0
139,d876df0212e45f5a630b89f5a04532fa,14,2.4545454545454546,23.414400475481955,249.59259259259255,226.6296296296296,3.4074074074074074,5.48585730948678,342.93333333333334,12.701234567901235,2.5977292738822317,0.0,0.3703703703703704,0.008505054432348367,72.0
140,a3e28ae11607ad68dedbc2baff2210e2,16,2.9,29.029427081909358,185.93103448275863,174.6206896551724,2.4482758620689653,6.4378870673952635,366.00000000000006,12.620689655172415,3.0292135178138992,0.0,0.4137931034482759,0.03756830601092896,71.0
141,905f8007cd46415eba8b9dce088b4395,36,4.111111111111111,50.2274767507637,197.6756756756757,187.48648648648648,2.108108108108108,10.595738575220604,464.63333333333344,12.557657657657659,4.960704052257111,0.8918918918918919,0.0,0.01434823158045771,70.0
142,0213f8b59219e32142711992ca4ec01f,30,9.6,107.00944997129265,310.15,299.37916666666666,1.1833333333333331,8.672077741580402,2997.9666666666667,12.491527777777776,4.038705307765916,0.3333333333333333,0.0125,0.013759325765240886,69.0
143,04c4ffa5a385eab86fa7e422263d2999,30,4.230769230769232,57.669653994805316,221.5818181818182,211.32727272727269,2.109090909090909,8.1297607421875,955.7333333333336,17.3769696969697,5.266902185763335,0.12727272727272726,0.3090909090909091,0.025285993303571428,68.0
144,bf0a8a6ddc179a9466082343c5862904,36,13.2,145.78962321862798,207.1060606060606,195.2121212121212,2.0303030303030303,6.167821026681647,993.8166666666666,15.057828282828284,3.4625619160273122,0.015151515151515154,0.5303030303030303,0.010481477133609486,67.0
145,4d1e99b879de5fa11e3f5423416f0497,36,8.971428571428572,92.33265630998095,229.62101910828025,217.47133757961785,0.8949044585987261,5.233229129483199,4622.3499999999985,14.720859872611465,2.872145079214734,0.12738853503184713,0.2070063694267516,0.025059403405915462,66.0
146,97332a03726c052b1283fdd36dbdeca4,21,8.5,82.19498856052793,183.82352941176467,173.2647058823529,2.323529411764706,5.290865831443548,448.3166666666665,13.185784313725483,2.600974897272466,0.0,0.3235294117647059,0.016729246440388118,65.0
147,dc9a5809e396367a5a0767ac9226a64f,15,3.7777777777777777,47.459652741013215,354.14705882352933,340.14705882352933,1.8235294117647056,13.33525705978237,378.31666666666666,11.126960784313724,5.531990096049603,0.3235294117647059,0.17647058823529413,0.007709590730869202,64.0
148,281274ed70a896744065199c58462f3d,29,4.363636363636363,73.11934872115842,376.77083333333326,359.33333333333326,6.854166666666668,10.83776571439016,911.85,18.996875000000006,7.67583036110041,0.02083333333333333,0.4583333333333333,0.010966716016888743,63.0
149,8902cda459f8ac02c38efb2815cf4026,28,5.090909090909091,59.48263494389382,185.10714285714286,184.69642857142856,1536.053571428571,6.907758437082503,860.7833333333333,15.371130952380954,3.9586436498369344,0.0,0.5178571428571429,0.015489767072627643,62.0
150,7481015e6b377191f3b1531bc74e6908,25,3.083333333333333,31.15501586399117,276.9189189189189,262.70270270270265,2.5675675675675675,6.945090842356397,454.08333333333337,12.272522522522525,3.177716969084859,0.16216216216216214,0.2432432432432433,0.017434391631492015,61.0
151,417055c67f5510da99ac623b02b87847,4,7.8,88.84089697888575,336.6923076923077,378.0,2163.74358974359,9.612583839029064,469.6499999999999,12.04230769230769,4.315720443449823,0.3333333333333333,0.1794871794871795,0.03016430675325597,60.0
152,b9912d7f760895a9a5f9e046a70e7d8e,15,2.357142857142857,36.163522331248494,389.33333333333326,377.3939393939394,1.7272727272727273,11.07632455343627,550.5000000000001,16.681818181818187,6.888782941699045,0.7575757575757576,0.12121212121212123,0.007568876778686044,59.0
153,548a85a2fbb4986fd7a632566e8cb9c3,33,8.166666666666666,85.5153519241152,182.0204081632653,172.0408163265306,2.326530612244898,7.147054905826251,625.6166666666667,12.767687074829931,3.4020664574627246,0.12244897959183673,0.30612244897959184,0.008658123984335455,58.0
154,6c56118b534a5b446d1fd0eab7dc9b19,19,4.214285714285714,57.624910707850105,363.11864406779665,350.5932203389831,1.0,10.604251886846805,867.8499999999997,14.709322033898301,5.815353720116447,0.15254237288135594,0.2711864406779661,0.015363638109504332,57.0
155,7c1478b12207107ae4296e656a49d6f6,37,3.5,42.751207245154326,266.5357142857143,260.3818181818182,1568.7636363636366,8.846204091953052,790.9833333333332,14.12470238095238,4.658431406663602,0.0,0.6785714285714286,0.007901557133525779,56.0
156,6f660e81330d77df19d4e3fb14b18730,6,7.333333333333332,84.14310032131877,271.0,253.3409090909091,1.75,6.8875467502274335,659.5333333333333,14.989393939393938,3.849036928746624,0.0,0.6136363636363636,0.015162235924390985,55.0
157,cfa9233eafdbccac8d2a864b0df390d4,27,2.0769230769230766,28.241690824364056,344.4444444444445,326.962962962963,2.4444444444444446,8.301360961698133,461.6833333333332,17.09938271604938,5.292162556631221,0.0,0.3333333333333333,0.0036099779791343273,54.0
158,432754fe9722d008cd7328f34852de61,32,3.32,49.6915372420164,397.855421686747,397.7349397590362,1032.55421686747,13.580645625548694,1158.05,13.952409638554215,7.064364183716112,0.3855421686746988,0.3132530120481928,0.00971460645049868,53.0
159,83a0efd007f4db8f0b7db5753d80fd87,19,6.6,68.57549448096736,142.75757575757575,133.75757575757575,1.9696969696969695,6.885884473704836,425.3,12.887878787878787,3.3086026984146715,0.24242424242424246,0.24242424242424246,0.008817305431460145,52.0
160,90a155db6f98de56ed6baaeccb5aafdd,24,4.75,57.56138833621236,202.9736842105264,194.05263157894737,1.8421052631578947,6.3801024367530665,644.3,16.955263157894734,4.0330688029679385,0.0,0.42105263157894735,0.01875420352837705,51.0
161,da436a25d31e42fa12c800bacf3d8032,5,8.333333333333334,82.69999147890854,365.54,348.4,1.84,6.2288557213930345,633.1500000000002,12.663000000000002,2.94068375855941,0.0,0.62,0.028297665113585512,50.0
162,dca7c0d776c64df418bf3b63756927c2,15,11.6,126.47348093007072,247.8448275862069,245.06896551724137,1487.155172413793,8.528023529411763,708.3333333333336,12.212643678160925,3.882947518001597,0.3620689655172414,0.1206896551724138,0.02176470588235294,49.0
163,1eb30783865c10a8abc395e1b73bd578,28,2.5454545454545454,29.637916417458534,283.10714285714283,273.25,2.142857142857143,10.848160777020041,322.6,11.52142857142857,4.65978511155416,0.2857142857142857,0.0,0.009041124199214714,48.0
164,83ae2db3b59285394e07063a7d0d0512,13,5.0,68.75630329913416,367.28571428571433,361.4285714285714,2463.6,10.3183839530703,528.4499999999998,15.098571428571427,5.808326039600973,0.057142857142857134,0.6571428571428571,0.018923266155738482,47.0
165,31b451688ffc6f785c22bf74374507bc,4,10.25,120.41800810891424,381.3658536585366,372.3414634146341,2105.390243902439,9.07540567323176,538.1999999999998,13.12682926829268,4.441496544409813,0.14634146341463414,0.2926829268292683,0.02322556670382757,46.0
166,181396b71a4723deaa02c3dd3ffa9041,25,5.4,69.02669768227967,305.9444444444445,300.2037037037037,1591.333333333333,8.955650487039787,807.6000000000001,14.955555555555556,4.993477887645684,0.05555555555555555,0.462962962962963,0.017025755324418027,45.0
167,156a150f1dbafbb01a786a5f45bdd7b6,27,4.4,44.77804352923143,246.25,248.0909090909091,1953.909090909091,7.564086866864287,517.2666666666665,11.756060606060602,3.3152918700720906,0.11363636363636365,0.045454545454545456,0.016915839670060575,44.0
168,fde60697758e68d617f471e49f65db75,5,8.0,91.83335562093777,232.4375,213.15625,1.84375,10.632395909422936,365.0666666666667,11.408333333333335,4.522273105745213,0.46875,0.03125,0.0262509130752374,43.0
169,579967d1572ee95c66ffa1ca4077b61a,31,9.0,121.5914473655867,212.38888888888889,204.13888888888889,2.1111111111111107,7.2338681285520305,662.7666666666665,18.41018518518518,4.965147893615464,0.0,0.4722222222222222,0.004400744354473671,42.0
170,9a2b695c70ad62abcb4323d7e9a4b6cb,23,3.1333333333333333,37.605243316307714,293.2553191489362,284.0851063829787,2.191489361702128,8.262752646775748,675.3500000000001,14.369148936170216,4.426487506838407,0.06382978723404255,0.40425531914893614,0.008637496606697761,41.0
171,f758703e18f588f2370783f8b779e664,31,4.428571428571429,51.52850981798513,259.35483870967744,240.83870967741936,2.064516129032258,8.65157131345689,413.66666666666674,13.344086021505378,4.304148725364073,0.0,0.2903225806451613,0.016116035455278,40.0
172,8dfea9e24286290d2f59f5b51f00b6c2,27,3.6,51.09069830365242,453.5555555555555,441.88888888888886,2398.6111111111113,10.967866323907456,544.5999999999998,15.127777777777775,6.185869155471601,0.027777777777777776,0.3055555555555556,0.003060350104051904,39.0
173,a7638b7beea5715330ac956372522b07,28,3.0,31.437613674087768,351.05128205128204,335.46153846153845,1.7435897435897436,8.479709446688657,449.7166666666668,11.531196581196587,3.6455141827530513,0.4871794871794872,0.10256410256410256,0.007412074268984174,38.0
174,44e9f61af64c2d25412a0f4532ada63c,13,4.7,45.37334209386044,182.0,172.17021276595744,1.8510638297872342,7.963870136038268,491.28333333333336,10.452836879432628,3.1035717298144423,0.14893617021276595,0.1276595744680851,0.016962377446822947,37.0
175,f1b4411717c78f67380366c2a16a4d1e,30,6.833333333333332,84.58033282587895,187.41463414634143,177.87804878048783,2.048780487804878,9.818151545424273,550.5500000000002,13.428048780487805,4.915255367523788,0.0,0.2926829268292683,0.0030272757545484817,36.0
176,55d7b17732745057aff29fcd0ce13014,28,5.285714285714286,57.97517226050075,194.05405405405412,183.13513513513516,2.324324324324324,5.301233740858594,597.1,16.13783783783784,3.1895230510812054,0.0,0.5945945945945946,0.02093451683135153,35.0
177,e08a1154c61bfa0adb7a029eed7df122,21,3.3846153846153846,53.234696485866316,386.54545454545456,374.2272727272728,2.022727272727273,12.59922113512344,693.3166666666666,15.757196969696968,7.4016084515730345,0.022727272727272728,0.2954545454545455,0.012620495684992428,34.0
178,6ccc2af7009dfea4572de788827ac5a1,7,6.2,78.92387736504818,446.4193548387097,409.35483870967744,2.2580645161290325,6.1678220262783885,574.6166666666667,18.536021505376343,4.2623764420357455,0.0,0.3225806451612903,0.017402906285349653,33.0
179,e610084768b3d8313be3a7dd22e5e5e7,19,3.4615384615384617,41.57326927044149,260.84444444444443,242.6888888888889,2.2444444444444445,9.606245218327619,588.1833333333335,13.070740740740746,4.681201265391056,0.3111111111111111,0.37777777777777777,0.0007083959083052338,32.0
180,faebff3d5429ff2036c125a91df765c8,28,2.8235294117647056,34.11284017196673,364.0625,351.10416666666674,2.270833333333333,11.152991154562383,572.7999999999996,11.933333333333325,4.961997879047726,0.4166666666666667,0.20833333333333331,0.002182262569832402,31.0
181,fed19d671569afe8a2f9fa0953dd25ca,26,4.714285714285714,58.408391165973384,275.42424242424244,264.030303030303,2.9393939393939394,8.832604206768627,476.2166666666666,14.43080808080808,4.7520703951290395,0.12121212121212123,0.3636363636363637,0.025373604451755155,30.0
182,1c95fcac4de21d077072da1ea1705eb5,4,6.75,71.47233472520827,223.6296296296296,212.11111111111111,2.740740740740741,6.803602771362589,360.83333333333326,13.364197530864196,3.3898874578904907,0.0,0.4444444444444444,0.013856812933025405,29.0
183,d7e035984d4fba2d14bc37f1992a061f,11,6.5,78.74406445361316,195.6410256410256,186.3076923076923,1.8974358974358971,11.335857396471145,460.0166666666668,11.795299145299149,4.98501854399303,0.3076923076923077,0.10256410256410256,0.02173834281366617,28.0
184,7c4bcea05c14431c65ef1d9cfa20ecb1,23,4.15,57.61403396609789,415.5301204819277,421.31325301204816,1024.9277108433735,11.128047853896415,1206.4500000000005,14.535542168674702,6.030504759790027,0.08433734939759037,0.4939759036144578,0.002417561164297457,27.0
185,33b7762088cf5b82b8fe6fc291f93b6b,8,6.25,85.95430590386948,298.76,288.04,2.2,12.019849049206035,340.06666666666666,13.60266666666667,6.0957411112630036,0.56,0.08,0.01347774946089002,26.0
186,ce5b4b1624afd0dd514e8997a2a1ff1d,16,2.8181818181818183,43.7034254934547,297.7096774193548,288.0,1.5806451612903225,10.739630977939576,535.65,17.279032258064515,6.918504359831741,0.16129032258064516,0.5806451612903226,0.007778711223124552,25.0
187,f06398053a230bf914041eb897dc8d62,12,5.4444444444444455,64.62166889578383,250.65306122448982,237.44897959183675,2.7346938775510203,7.1798160268883775,753.7333333333332,15.382312925170071,4.117545461024332,0.0,0.5510204081632653,0.016031310808420306,24.0
188,ce577ac73e9022772835abf8d37e91d5,10,5.3,52.48897686546451,343.1132075471698,331.0377358490566,1.69811320754717,10.766480721327579,475.05,8.963207547169812,3.5978302132996745,0.2452830188679245,0.09433962264150944,0.019296214433568395,23.0
189,0eff1404b137a5562642f0f706e59f25,22,4.090909090909091,40.64938734116865,222.77777777777774,206.13333333333333,2.3777777777777778,7.921700673434517,497.4499999999999,11.054444444444444,3.2648166329054154,0.17777777777777778,0.2888888888888889,0.009213656313867393,22.0
190,89dab1d9f815cea34ce3612a6b7c0d51,7,9.666666666666666,131.68952687644216,297.67241379310343,287.81034482758616,1.7931034482758617,8.082776815895787,1010.75,17.426724137931036,5.251456690534521,0.29310344827586204,0.1724137931034483,0.011954819028774013,21.0
191,7b625f643d0775f0ac4898e33235377b,15,1.0,8.563774835232662,292.0,275.3333333333333,3.6666666666666665,5.7797897196261685,28.53333333333333,9.511111111111113,2.049494409716613,0.0,0.3333333333333333,0.0,20.0
192,895c14bfd7d1e2c26aee6938703f32f8,21,3.75,42.22265626902953,234.16666666666663,225.76666666666668,2.033333333333333,6.560821836522771,449.4,14.98,3.6641521783256903,0.0,0.5,0.015761756415962024,19.0
193,d1576672b9ddf17e405ad295e66048ba,20,3.2222222222222223,31.466199806776096,221.1034482758621,208.68965517241375,2.034482758620689,5.410441316175835,385.9666666666666,13.30919540229885,2.6846516220185364,0.0,0.06896551724137931,0.030227135331203036,18.0
194,bd26a8a5910f6c87aed2fcce32782fae,12,6.4,62.661649252488616,190.25,159.40625,2.5625,7.5764280345734685,354.80000000000007,11.087500000000002,3.1318545180011683,0.3125,0.09375,0.0223130402104472,17.0
195,ddf9fad53fff9a2f2ded181e1144b47f,15,9.25,97.63362486795828,204.72972972972974,194.8918918918919,2.2432432432432434,10.986688623576233,364.35,9.847297297297297,4.0335487537446095,0.4594594594594595,0.2432432432432433,0.006861534239055853,16.0
196,173a168d2b8830525f59be85a35f0000,17,6.333333333333332,63.12447853640485,228.5263157894737,217.81578947368425,2.3421052631578947,6.280392224562372,482.7166666666666,12.703070175438596,2.9743968269437686,0.10526315789473684,0.13157894736842105,0.0034526810068017818,15.0
197,838495eb3f025e512228480eae127522,8,9.4,88.93519937448477,271.0,257.0851063829787,2.3404255319148937,6.540844545256813,536.3833333333332,11.412411347517727,2.7830095011857643,0.2765957446808511,0.40425531914893614,0.012428922101730728,14.0
198,e1d2df8059744cac678fbdc113e9e697,17,6.625,72.85682293776745,197.92452830188682,187.90566037735852,2.39622641509434,9.23019464003641,622.5166666666664,11.745597484276724,4.0419358597957995,0.11320754716981132,0.0,0.02677304489839629,13.0
199,e35d490b495edf857a448653e036bd44,14,4.25,45.44346672911464,194.52941176470588,186.4705882352941,2.294117647058824,6.2067273039299815,485.58333333333337,14.28186274509804,3.304844002546897,0.0,0.2352941176470588,0.0197357130598936,12.0
200,0430df9a3eb327122c57ee3a64765000,8,5.375,59.2009942963161,276.1162790697674,262.16279069767444,2.8837209302325584,7.134038553270294,593.9833333333332,13.81356589147287,3.674046937051474,0.0,0.18604651162790695,0.009119223322764387,11.0
201,a2334fdb829cf96fbae920df0cce1587,2,8.333333333333334,85.30070707798778,210.84,202.68,2.28,5.984667385127852,340.23333333333335,13.609333333333336,3.036549144369742,0.36,0.32,0.02694229450377192,10.0
202,84e1a98ccf46774bc4f5c6374079dc07,11,5.25,50.56415659835711,244.547619047619,230.57142857142856,3.6428571428571432,6.304419743284372,503.8,11.995238095238097,2.8194048196036587,0.2619047619047619,0.0,0.0223302897975387,9.0
203,3b2dca5cc3db92a05ea35056887108b6,5,4.333333333333333,49.1831936273393,355.0,327.26923076923083,2.1153846153846154,8.242346568651158,344.61666666666673,13.25448717948718,4.073026591885254,0.15384615384615385,0.3076923076923077,0.009672583063307056,8.0
204,9835cfed2c02bee16b5f0eeac3b4926a,8,6.111111111111112,74.48756347874836,414.45454545454544,397.8181818181818,3.1272727272727274,8.209352606869286,809.4000000000002,14.71636363636364,4.504150204996515,0.18181818181818185,0.2545454545454545,0.011840046124701423,7.0
205,1110d496149d3d8c50276765924df831,7,7.0,71.4909042278201,268.5357142857143,246.14285714285717,1.6071428571428572,4.8871746182451155,421.3,15.046428571428573,2.741540897865851,0.0,0.5357142857142857,0.0128570298283092,6.0
206,b8df3a1ffca045016321353536ac86cf,4,12.333333333333336,124.58503499295088,254.40540540540542,238.24324324324328,2.2972972972972974,6.586399108138238,463.45,12.525675675675675,3.075761458701049,0.027027027027027032,0.3783783783783784,0.01438486711978998,5.0
207,9fa4b644d8b6ea510119808c37f22223,6,7.8,80.79634646501053,132.35897435897436,123.79487179487178,2.5641025641025643,7.8450800503687725,463.25,11.878205128205128,3.4741746337804353,0.3333333333333333,0.1282051282051282,0.006296096420219464,4.0
208,e4f3a9d5cf57b9b518136afd9757f76d,3,8.0,69.86744837117493,176.46875,166.875,2.53125,5.475024951285585,350.6833333333332,10.958854166666665,2.2369418519393043,0.0,0.09375,0.003564469369326553,3.0
209,68b546b2f4102641d6774c1ce4f57457,1,11.0,120.70732397960238,145.63636363636363,132.77272727272728,2.227272727272727,5.968257137153125,333.93333333333334,15.178787878787876,3.3774432658447218,0.0,0.2727272727272727,0.011229786384507886,2.0
210,6eb2e0f41fc9f1fbb70e7751035fdf87,1,17.5,205.7790713087352,271.0857142857143,259.8,2.8857142857142857,7.593259374594524,513.8,14.679999999999998,4.155829630247715,0.0,0.6,0.004865706500583885,1.0
211,bd057e02f75c92917389d90bb215fe91,1,13.5,128.16353098371587,194.0,181.7037037037037,2.2592592592592595,6.619953141175831,305.8833333333333,11.329012345679011,2.796085259703886,0.0,0.7037037037037037,0.0013621751212335859,0.0
