,driver_id,career_len,rides_per_day,profit,responding,arrival,waiting,speed,total_duration,average ride time,average dist per ride,10_to_6,9_to_5,prime_time
0,bd057e02f75c92917389d90bb215fe91,1,13.5,128.16353098371587,194.0,181.7037037037037,2.259259259259259,6.61995314117583,305.8833333333333,11.329012345679011,2.796085259703886,0.0,0.7037037037037037,0.0013621751212335859
1,6eb2e0f41fc9f1fbb70e7751035fdf87,1,17.5,205.7790713087352,271.0857142857143,259.8,2.8857142857142857,7.593259374594524,513.8,14.679999999999998,4.155829630247715,0.0,0.6,0.004865706500583885
2,68b546b2f4102641d6774c1ce4f57457,1,11.0,120.70732397960238,145.63636363636363,132.77272727272728,2.227272727272727,5.968257137153125,333.9333333333333,15.178787878787876,3.377443265844722,0.0,0.2727272727272727,0.011229786384507886
3,e4f3a9d5cf57b9b518136afd9757f76d,3,8.0,69.86744837117494,176.46875,166.875,2.53125,5.475024951285585,350.6833333333332,10.958854166666663,2.2369418519393043,0.0,0.09375,0.003564469369326553
4,9fa4b644d8b6ea510119808c37f22223,6,7.8,80.79634646501053,132.35897435897436,123.7948717948718,2.5641025641025643,7.845080050368772,463.25,11.878205128205128,3.474174633780435,0.3333333333333333,0.1282051282051282,0.0062960964202194636
5,b8df3a1ffca045016321353536ac86cf,4,12.333333333333334,124.58503499295087,254.40540540540542,238.24324324324326,2.2972972972972974,6.586399108138239,463.45,12.525675675675675,3.075761458701049,0.02702702702702703,0.3783783783783784,0.01438486711978998
6,1110d496149d3d8c50276765924df831,7,7.0,71.4909042278201,268.5357142857143,246.14285714285714,1.6071428571428572,4.887174618245115,421.3,15.046428571428573,2.741540897865851,0.0,0.5357142857142857,0.012857029828309201
7,9835cfed2c02bee16b5f0eeac3b4926a,8,6.111111111111111,74.48756347874836,414.45454545454544,397.8181818181818,3.1272727272727274,8.209352606869286,809.4000000000001,14.716363636363639,4.504150204996515,0.18181818181818182,0.2545454545454545,0.011840046124701424
8,3b2dca5cc3db92a05ea35056887108b6,5,4.333333333333333,49.1831936273393,355.0,327.2692307692308,2.1153846153846154,8.242346568651158,344.6166666666667,13.25448717948718,4.073026591885254,0.15384615384615385,0.3076923076923077,0.009672583063307056
9,84e1a98ccf46774bc4f5c6374079dc07,11,5.25,50.5641565983571,244.54761904761904,230.57142857142858,3.642857142857143,6.304419743284372,503.8,11.995238095238095,2.819404819603659,0.2619047619047619,0.0,0.022330289797538705
10,a2334fdb829cf96fbae920df0cce1587,2,8.333333333333334,85.30070707798778,210.84,202.68,2.28,5.984667385127853,340.23333333333335,13.609333333333334,3.036549144369742,0.36,0.32,0.026942294503771922
11,0430df9a3eb327122c57ee3a64765000,8,5.375,59.200994296316104,276.1162790697674,262.16279069767444,2.883720930232558,7.134038553270294,593.9833333333333,13.81356589147287,3.674046937051474,0.0,0.18604651162790697,0.009119223322764387
12,e35d490b495edf857a448653e036bd44,14,4.25,45.443466729114625,194.52941176470588,186.47058823529412,2.2941176470588234,6.2067273039299815,485.58333333333337,14.28186274509804,3.3048440025468975,0.0,0.23529411764705882,0.0197357130598936
13,e1d2df8059744cac678fbdc113e9e697,17,6.625,72.85682293776745,197.9245283018868,187.9056603773585,2.3962264150943398,9.23019464003641,622.5166666666664,11.745597484276725,4.0419358597958,0.11320754716981132,0.0,0.026773044898396294
14,838495eb3f025e512228480eae127522,8,9.4,88.93519937448477,271.0,257.0851063829787,2.3404255319148937,6.540844545256813,536.3833333333332,11.412411347517727,2.7830095011857643,0.2765957446808511,0.40425531914893614,0.012428922101730728
15,173a168d2b8830525f59be85a35f0000,17,6.333333333333333,63.124478536404844,228.52631578947367,217.81578947368422,2.3421052631578947,6.280392224562373,482.71666666666664,12.703070175438596,2.9743968269437686,0.10526315789473684,0.13157894736842105,0.0034526810068017818
16,ddf9fad53fff9a2f2ded181e1144b47f,15,9.25,97.63362486795829,204.72972972972974,194.8918918918919,2.2432432432432434,10.986688623576232,364.35,9.847297297297297,4.03354875374461,0.4594594594594595,0.24324324324324326,0.006861534239055853
17,bd26a8a5910f6c87aed2fcce32782fae,12,6.4,62.66164925248861,190.25,159.40625,2.5625,7.5764280345734685,354.80000000000007,11.087500000000002,3.1318545180011683,0.3125,0.09375,0.0223130402104472
18,d1576672b9ddf17e405ad295e66048ba,20,3.2222222222222223,31.466199806776096,221.10344827586206,208.68965517241378,2.0344827586206895,5.410441316175835,385.96666666666664,13.30919540229885,2.684651622018536,0.0,0.06896551724137931,0.03022713533120304
19,895c14bfd7d1e2c26aee6938703f32f8,21,3.75,42.222656269029535,234.16666666666666,225.76666666666668,2.033333333333333,6.560821836522771,449.4,14.979999999999999,3.6641521783256907,0.0,0.5,0.015761756415962024
20,7b625f643d0775f0ac4898e33235377b,15,1.0,8.563774835232662,292.0,275.3333333333333,3.6666666666666665,5.7797897196261685,28.533333333333335,9.511111111111111,2.049494409716613,0.0,0.3333333333333333,0.0
21,89dab1d9f815cea34ce3612a6b7c0d51,7,9.666666666666666,131.68952687644216,297.67241379310343,287.8103448275862,1.793103448275862,8.082776815895787,1010.7500000000001,17.426724137931036,5.251456690534522,0.29310344827586204,0.1724137931034483,0.011954819028774013
22,0eff1404b137a5562642f0f706e59f25,22,4.090909090909091,40.64938734116865,222.77777777777777,206.13333333333333,2.3777777777777778,7.921700673434516,497.4499999999999,11.054444444444442,3.264816632905415,0.17777777777777778,0.28888888888888886,0.009213656313867391
23,ce577ac73e9022772835abf8d37e91d5,10,5.3,52.48897686546451,343.1132075471698,331.0377358490566,1.6981132075471699,10.76648072132758,475.05,8.963207547169812,3.5978302132996745,0.24528301886792453,0.09433962264150944,0.019296214433568395
24,f06398053a230bf914041eb897dc8d62,12,5.444444444444445,64.62166889578383,250.6530612244898,237.44897959183675,2.7346938775510203,7.1798160268883775,753.7333333333333,15.38231292517007,4.117545461024332,0.0,0.5510204081632653,0.016031310808420306
25,ce5b4b1624afd0dd514e8997a2a1ff1d,16,2.8181818181818183,43.7034254934547,297.7096774193548,288.0,1.5806451612903225,10.739630977939575,535.65,17.279032258064515,6.918504359831741,0.16129032258064516,0.5806451612903226,0.0077787112231245525
26,33b7762088cf5b82b8fe6fc291f93b6b,8,6.25,85.95430590386947,298.76,288.04,2.2,12.019849049206037,340.0666666666667,13.60266666666667,6.095741111263003,0.56,0.08,0.013477749460890021
27,7c4bcea05c14431c65ef1d9cfa20ecb1,23,4.15,57.61403396609789,415.5301204819277,421.31325301204816,1024.9277108433735,11.128047853896417,1206.4500000000003,14.535542168674702,6.030504759790027,0.08433734939759036,0.4939759036144578,0.0024175611642974566
28,d7e035984d4fba2d14bc37f1992a061f,11,6.5,78.74406445361315,195.64102564102564,186.30769230769232,1.8974358974358974,11.335857396471143,460.01666666666677,11.795299145299149,4.98501854399303,0.3076923076923077,0.10256410256410256,0.02173834281366617
29,1c95fcac4de21d077072da1ea1705eb5,4,6.75,71.47233472520826,223.62962962962962,212.11111111111111,2.740740740740741,6.803602771362587,360.83333333333326,13.364197530864194,3.3898874578904907,0.0,0.4444444444444444,0.013856812933025405
30,fed19d671569afe8a2f9fa0953dd25ca,26,4.714285714285714,58.408391165973384,275.42424242424244,264.030303030303,2.9393939393939394,8.832604206768627,476.21666666666664,14.43080808080808,4.75207039512904,0.12121212121212122,0.36363636363636365,0.025373604451755155
31,faebff3d5429ff2036c125a91df765c8,28,2.823529411764706,34.11284017196673,364.0625,351.1041666666667,2.2708333333333335,11.152991154562384,572.7999999999996,11.933333333333325,4.961997879047726,0.4166666666666667,0.20833333333333334,0.002182262569832402
32,e610084768b3d8313be3a7dd22e5e5e7,19,3.4615384615384617,41.57326927044149,260.84444444444443,242.6888888888889,2.2444444444444445,9.606245218327619,588.1833333333335,13.070740740740744,4.681201265391057,0.3111111111111111,0.37777777777777777,0.0007083959083052337
33,6ccc2af7009dfea4572de788827ac5a1,7,6.2,78.92387736504818,446.4193548387097,409.35483870967744,2.2580645161290325,6.1678220262783885,574.6166666666667,18.536021505376343,4.2623764420357455,0.0,0.3225806451612903,0.017402906285349653
34,e08a1154c61bfa0adb7a029eed7df122,21,3.3846153846153846,53.234696485866316,386.54545454545456,374.22727272727275,2.022727272727273,12.599221135123441,693.3166666666666,15.757196969696968,7.401608451573034,0.022727272727272728,0.29545454545454547,0.012620495684992428
35,55d7b17732745057aff29fcd0ce13014,28,5.285714285714286,57.97517226050075,194.05405405405406,183.13513513513513,2.324324324324324,5.301233740858594,597.1,16.13783783783784,3.1895230510812054,0.0,0.5945945945945946,0.020934516831351533
36,f1b4411717c78f67380366c2a16a4d1e,30,6.833333333333333,84.58033282587895,187.41463414634146,177.8780487804878,2.048780487804878,9.818151545424273,550.5500000000001,13.428048780487806,4.9152553675237876,0.0,0.2926829268292683,0.0030272757545484817
37,44e9f61af64c2d25412a0f4532ada63c,13,4.7,45.37334209386044,182.0,172.17021276595744,1.851063829787234,7.963870136038267,491.2833333333334,10.452836879432626,3.1035717298144423,0.14893617021276595,0.1276595744680851,0.016962377446822947
38,a7638b7beea5715330ac956372522b07,28,3.0,31.437613674087764,351.05128205128204,335.46153846153845,1.7435897435897436,8.479709446688656,449.71666666666675,11.531196581196584,3.6455141827530513,0.48717948717948717,0.10256410256410256,0.0074120742689841755
39,8dfea9e24286290d2f59f5b51f00b6c2,27,3.6,51.09069830365242,453.55555555555554,441.8888888888889,2398.6111111111113,10.967866323907455,544.5999999999999,15.127777777777775,6.185869155471601,0.027777777777777776,0.3055555555555556,0.0030603501040519037
40,f758703e18f588f2370783f8b779e664,31,4.428571428571429,51.52850981798513,259.35483870967744,240.83870967741936,2.064516129032258,8.65157131345689,413.6666666666667,13.344086021505378,4.304148725364074,0.0,0.2903225806451613,0.016116035455278
41,9a2b695c70ad62abcb4323d7e9a4b6cb,23,3.1333333333333333,37.605243316307714,293.25531914893617,284.0851063829787,2.1914893617021276,8.262752646775747,675.3500000000001,14.369148936170216,4.426487506838406,0.06382978723404255,0.40425531914893614,0.008637496606697761
42,579967d1572ee95c66ffa1ca4077b61a,31,9.0,121.5914473655867,212.38888888888889,204.13888888888889,2.111111111111111,7.23386812855203,662.7666666666665,18.41018518518518,4.965147893615464,0.0,0.4722222222222222,0.004400744354473671
43,fde60697758e68d617f471e49f65db75,5,8.0,91.83335562093775,232.4375,213.15625,1.84375,10.632395909422936,365.0666666666667,11.408333333333335,4.522273105745213,0.46875,0.03125,0.0262509130752374
44,156a150f1dbafbb01a786a5f45bdd7b6,27,4.4,44.77804352923143,246.25,248.0909090909091,1953.909090909091,7.564086866864287,517.2666666666665,11.756060606060602,3.3152918700720906,0.11363636363636363,0.045454545454545456,0.016915839670060575
45,181396b71a4723deaa02c3dd3ffa9041,25,5.4,69.02669768227967,305.94444444444446,300.2037037037037,1591.3333333333333,8.955650487039788,807.6000000000001,14.955555555555557,4.993477887645684,0.05555555555555555,0.46296296296296297,0.017025755324418027
46,31b451688ffc6f785c22bf74374507bc,4,10.25,120.41800810891424,381.3658536585366,372.3414634146341,2105.390243902439,9.07540567323176,538.1999999999999,13.126829268292681,4.441496544409813,0.14634146341463414,0.2926829268292683,0.023225566703827572
47,83ae2db3b59285394e07063a7d0d0512,13,5.0,68.75630329913416,367.2857142857143,361.42857142857144,2463.6,10.3183839530703,528.4499999999999,15.098571428571427,5.808326039600973,0.05714285714285714,0.6571428571428571,0.01892326615573848
48,1eb30783865c10a8abc395e1b73bd578,28,2.5454545454545454,29.637916417458538,283.10714285714283,273.25,2.142857142857143,10.848160777020045,322.59999999999997,11.52142857142857,4.65978511155416,0.2857142857142857,0.0,0.009041124199214714
49,dca7c0d776c64df418bf3b63756927c2,15,11.6,126.47348093007072,247.8448275862069,245.06896551724137,1487.155172413793,8.528023529411765,708.3333333333336,12.212643678160925,3.882947518001597,0.3620689655172414,0.1206896551724138,0.02176470588235294
50,da436a25d31e42fa12c800bacf3d8032,5,8.333333333333334,82.69999147890854,365.54,348.4,1.84,6.2288557213930345,633.1500000000001,12.663000000000002,2.94068375855941,0.0,0.62,0.028297665113585512
51,90a155db6f98de56ed6baaeccb5aafdd,24,4.75,57.56138833621236,202.97368421052633,194.05263157894737,1.8421052631578947,6.380102436753066,644.3,16.955263157894734,4.033068802967938,0.0,0.42105263157894735,0.01875420352837705
52,83a0efd007f4db8f0b7db5753d80fd87,19,6.6,68.57549448096736,142.75757575757575,133.75757575757575,1.9696969696969697,6.885884473704836,425.3,12.887878787878789,3.3086026984146715,0.24242424242424243,0.24242424242424243,0.008817305431460146
53,432754fe9722d008cd7328f34852de61,32,3.32,49.691537242016395,397.855421686747,397.73493975903614,1032.55421686747,13.580645625548696,1158.05,13.952409638554217,7.064364183716112,0.3855421686746988,0.3132530120481928,0.009714606450498682
54,cfa9233eafdbccac8d2a864b0df390d4,27,2.076923076923077,28.241690824364056,344.44444444444446,326.962962962963,2.4444444444444446,8.301360961698133,461.6833333333332,17.09938271604938,5.292162556631221,0.0,0.3333333333333333,0.0036099779791343273
55,6f660e81330d77df19d4e3fb14b18730,6,7.333333333333333,84.14310032131876,271.0,253.3409090909091,1.75,6.8875467502274335,659.5333333333333,14.989393939393938,3.8490369287466235,0.0,0.6136363636363636,0.015162235924390983
56,7c1478b12207107ae4296e656a49d6f6,37,3.5,42.75120724515433,266.5357142857143,260.3818181818182,1568.7636363636364,8.846204091953053,790.9833333333332,14.12470238095238,4.658431406663602,0.0,0.6785714285714286,0.00790155713352578
57,6c56118b534a5b446d1fd0eab7dc9b19,19,4.214285714285714,57.6249107078501,363.1186440677966,350.59322033898303,1.0,10.604251886846805,867.8499999999997,14.7093220338983,5.815353720116447,0.15254237288135594,0.2711864406779661,0.01536363810950433
58,548a85a2fbb4986fd7a632566e8cb9c3,33,8.166666666666666,85.51535192411518,182.0204081632653,172.0408163265306,2.326530612244898,7.147054905826251,625.6166666666667,12.767687074829933,3.4020664574627246,0.12244897959183673,0.30612244897959184,0.008658123984335455
59,b9912d7f760895a9a5f9e046a70e7d8e,15,2.357142857142857,36.16352233124849,389.3333333333333,377.3939393939394,1.7272727272727273,11.07632455343627,550.5000000000001,16.681818181818187,6.888782941699045,0.7575757575757576,0.12121212121212122,0.007568876778686043
60,417055c67f5510da99ac623b02b87847,4,7.8,88.84089697888575,336.6923076923077,378.0,2163.74358974359,9.612583839029064,469.64999999999986,12.04230769230769,4.315720443449823,0.3333333333333333,0.1794871794871795,0.03016430675325597
61,7481015e6b377191f3b1531bc74e6908,25,3.0833333333333335,31.15501586399117,276.9189189189189,262.7027027027027,2.5675675675675675,6.945090842356396,454.0833333333334,12.272522522522525,3.177716969084859,0.16216216216216217,0.24324324324324326,0.017434391631492015
62,8902cda459f8ac02c38efb2815cf4026,28,5.090909090909091,59.48263494389382,185.10714285714286,184.69642857142858,1536.0535714285713,6.907758437082502,860.7833333333333,15.371130952380952,3.9586436498369344,0.0,0.5178571428571429,0.015489767072627645
63,281274ed70a896744065199c58462f3d,29,4.363636363636363,73.11934872115842,376.7708333333333,359.3333333333333,6.854166666666667,10.837765714390159,911.8500000000001,18.996875000000003,7.67583036110041,0.020833333333333332,0.4583333333333333,0.010966716016888743
64,dc9a5809e396367a5a0767ac9226a64f,15,3.7777777777777777,47.45965274101321,354.1470588235294,340.1470588235294,1.8235294117647058,13.33525705978237,378.3166666666666,11.126960784313724,5.531990096049604,0.3235294117647059,0.17647058823529413,0.007709590730869202
65,97332a03726c052b1283fdd36dbdeca4,21,8.5,82.19498856052793,183.8235294117647,173.26470588235293,2.323529411764706,5.290865831443548,448.3166666666665,13.185784313725485,2.600974897272466,0.0,0.3235294117647059,0.016729246440388118
66,4d1e99b879de5fa11e3f5423416f0497,36,8.971428571428572,92.33265630998096,229.62101910828025,217.47133757961782,0.8949044585987261,5.233229129483199,4622.349999999999,14.720859872611463,2.872145079214734,0.12738853503184713,0.2070063694267516,0.025059403405915462
67,bf0a8a6ddc179a9466082343c5862904,36,13.2,145.78962321862795,207.1060606060606,195.21212121212122,2.0303030303030303,6.167821026681648,993.8166666666666,15.057828282828282,3.462561916027312,0.015151515151515152,0.5303030303030303,0.010481477133609486
68,04c4ffa5a385eab86fa7e422263d2999,30,4.230769230769231,57.66965399480531,221.5818181818182,211.3272727272727,2.109090909090909,8.1297607421875,955.7333333333335,17.3769696969697,5.2669021857633345,0.12727272727272726,0.3090909090909091,0.025285993303571428
69,0213f8b59219e32142711992ca4ec01f,30,9.6,107.00944997129265,310.15,299.37916666666666,1.1833333333333333,8.672077741580404,2997.9666666666667,12.491527777777778,4.038705307765916,0.3333333333333333,0.0125,0.013759325765240886
70,905f8007cd46415eba8b9dce088b4395,36,4.111111111111111,50.2274767507637,197.67567567567568,187.48648648648648,2.108108108108108,10.595738575220604,464.63333333333344,12.55765765765766,4.960704052257111,0.8918918918918919,0.0,0.01434823158045771
71,a3e28ae11607ad68dedbc2baff2210e2,16,2.9,29.029427081909354,185.93103448275863,174.6206896551724,2.4482758620689653,6.437887067395264,366.00000000000006,12.620689655172416,3.0292135178138992,0.0,0.41379310344827586,0.03756830601092896
72,d876df0212e45f5a630b89f5a04532fa,14,2.4545454545454546,23.414400475481955,249.59259259259258,226.62962962962962,3.4074074074074074,5.48585730948678,342.93333333333334,12.701234567901235,2.5977292738822313,0.0,0.37037037037037035,0.008505054432348367
73,a0b52413e2eedcc5ca6f31d53ab1a96c,39,4.1,41.89603188222087,321.6341463414634,308.6829268292683,1.975609756097561,7.346104682454252,495.46666666666675,12.084552845528457,3.309719148616294,0.14634146341463414,0.4634146341463415,0.014296286329386437
74,7da41cde0e0d0503549eeb7ca5609a9f,12,5.571428571428571,71.80810497293479,261.8205128205128,259.1025641025641,2209.2051282051284,10.277015755329009,539.5,13.833333333333334,5.300261645720032,0.02564102564102564,0.38461538461538464,0.011584800741427247
75,2b4078909534095c15f578c588667bc9,8,6.625,75.95545397492143,261.8490566037736,253.47169811320754,1623.0,8.663048983431011,691.05,13.038679245283017,4.211218896484226,0.33962264150943394,0.0,0.021103152207992668
76,fff482c704d36a1afe8b8978d5486283,34,2.1875,22.338076786912644,250.4,230.11428571428573,2.085714285714286,6.2974036760192105,461.54999999999995,13.187142857142856,3.0961050581516116,0.0,0.8571428571428571,0.006319286462282888
77,117ea72f13b43f0f4055b0472dcb6b1b,17,2.235294117647059,29.372581268121852,604.7894736842105,581.921052631579,2.9473684210526314,8.945360126439377,590.5333333333335,15.540350877192987,5.182771884911305,0.0,0.6052631578947368,0.0014111537593136149
78,3b6ae24dc593e6609bf90a1b80630439,21,6.555555555555555,103.72116211522648,402.49152542372883,392.93220338983053,1463.5254237288136,8.197773227882827,1245.45,21.109322033898305,6.451692061152346,0.11864406779661017,0.4406779661016949,0.0060219197880284235
79,32d6b6b2ad34385519bd4492ce78eee4,40,2.9,27.41507629421585,270.82758620689657,257.1034482758621,1.9655172413793103,5.647171129220023,357.9166666666667,12.341954022988507,2.5984736514390354,0.0,0.41379310344827586,0.01979045401629802
80,370e9f95700973dd95508e2f39b2bd29,20,5.7,65.5632044970816,360.4035087719298,338.6140350877193,1510.561403508772,8.52741087599947,754.5666666666665,13.23801169590643,4.2086556568138755,0.08771929824561403,0.2631578947368421,0.011043866236692141
81,314d2be0d3461375f9e9ecf56b2b04ee,13,4.083333333333333,53.78976471065434,383.0408163265306,446.18367346938777,1680.0204081632653,8.111511897198369,813.2166666666666,16.59625850340136,5.018979766835587,0.0,0.3877551020408163,0.004611317197138934
82,2f50e03ac03a920d1447b894643797f6,35,4.0,43.17722453510964,319.25,308.53125,2.71875,6.290043446777697,460.33333333333326,14.385416666666664,3.373490840965862,0.125,0.5,0.023533671252715424
83,aeda204ee39ccc79f22fe31ed73882ad,13,3.9,37.5264563730059,179.17948717948718,195.35897435897436,2191.7179487179487,6.303778499304243,467.1166666666667,11.977350427350428,2.814914092829263,0.0,0.05128205128205128,0.02586791308381204
84,df11122e91571fcd91143da33fd3542a,14,3.3,40.10142827535926,226.0,215.75757575757575,1.9696969696969697,6.33718558803535,563.8833333333333,17.08737373737374,4.037152817398136,0.0,0.7878787878787878,0.02438447669435167
85,881527a718b502bacbd04b6f45fcc2fc,16,3.6666666666666665,42.652170446338936,254.45454545454547,242.45454545454547,1.9545454545454546,9.906955848179706,537.9166666666665,12.225378787878784,4.5155015551264945,0.09090909090909091,0.29545454545454547,0.020914020139426802
86,706466935b9e1d04e4e116be7ce90ea9,43,3.8,41.95601245148115,396.3157894736842,382.57894736842104,4.421052631578948,8.053216294061171,243.03333333333333,12.791228070175439,3.8404759584347428,0.10526315789473684,0.3684210526315789,0.010286654779865588
87,cc2186bc2bd14948eb9b490d14fcd686,11,7.714285714285714,86.2038400977153,205.2962962962963,194.5,1.9259259259259258,6.214470597751355,824.2000000000002,15.262962962962966,3.5362782718841723,0.0,0.5925925925925926,0.0161773032435493
88,400daded5197f955191887cd567338ee,29,8.5,121.77700670875436,432.52941176470586,423.6029411764706,1270.1617647058824,10.059692707075586,1104.2666666666664,16.239215686274505,6.090503670119793,0.0,0.7205882352941176,0.015092972711905336
89,2ba51f9574a5c08327a718edada3e052,18,5.0,59.42967547980329,198.375,189.575,1.725,7.936187306323884,580.8666666666666,14.521666666666665,4.296668199386084,0.075,0.375,0.016498335820039022
90,764289a2931fb70d1d27d5603d49edd2,25,2.7857142857142856,31.82902544906016,254.94871794871796,245.6153846153846,2.948717948717949,6.916599562866675,579.5333333333334,14.859829059829062,3.8318622732109007,0.02564102564102564,0.28205128205128205,0.004313815713792707
91,455ec8a8532948fe2c5e308af37216a1,29,10.304347826086957,120.17098776273932,231.9746835443038,215.48101265822785,2.6582278481012658,8.230205196406642,3270.849999999998,13.801054852320666,4.2347364768711175,0.08016877637130802,0.3881856540084388,0.024203698325104075
92,4e428667c6bb84323046e5647dfdfff0,20,3.75,50.202342586263796,345.02222222222224,330.5111111111111,2.488888888888889,10.317034057934125,654.7666666666669,14.550370370370375,5.59670423900481,0.0,0.5555555555555556,0.00827266710787558
93,4aa585f63fbe04dcded4019662cc47f8,28,6.0,65.42488097930708,208.76190476190476,199.78571428571428,1.7380952380952381,6.002012232253965,629.4833333333333,14.987698412698412,3.3537853731224927,0.16666666666666666,0.19047619047619047,0.015224125605655432
94,46b9dc30efea1755f8ada69668793bf5,33,4.0,51.86577281547536,214.71428571428572,195.35714285714286,1.9642857142857142,10.658228401539,381.20000000000005,13.614285714285716,5.409826388457381,0.7142857142857143,0.07142857142857142,0.03716334382651277
95,acd7dc6118befb6724aa3752d1cdbea1,26,5.384615384615385,81.12361244153921,436.6142857142857,423.87142857142857,2.4,12.449285022774525,1050.1499999999999,15.002142857142855,6.963076256637593,0.2571428571428571,0.21428571428571427,0.025789966512720405
96,bde37c58877c64b6ce4b309dc2154bad,21,4.0,46.36215043986285,232.0,220.19444444444446,1.5555555555555556,7.111173097783976,537.75,14.9375,3.96025009562236,0.027777777777777776,0.75,0.015496668216333487
97,42256e33936dfa69088f540a720edc97,22,7.0,87.41384038094291,267.37142857142857,253.5142857142857,2.5142857142857142,8.198305665431214,535.1166666666667,15.289047619047619,4.67313131026206,0.17142857142857143,0.17142857142857143,0.027252624038371694
98,a909251d04212c2b8d369aa619c13ddf,37,2.380952380952381,29.15828087487704,308.4,292.26,2.1,9.179476686806442,692.3833333333333,13.847666666666667,4.7391228702449455,0.18,0.24,0.014442866427556988
99,ad6a8aef632e7684c3b1e1e9dc0f7d23,4,9.2,120.1394399700084,401.0869565217391,389.7173913043478,1.9782608695652173,10.713723299550448,626.55,13.620652173913042,5.440537060561148,0.5434782608695652,0.021739130434782608,0.04056606283084617
100,163b1ac215580e695280d8f94c687ef4,28,4.642857142857143,56.15664778936294,523.5538461538462,508.0,1.8615384615384616,10.925733987647009,787.9333333333329,12.122051282051276,4.937762350739099,0.0,0.5384615384615384,0.008989762247229038
101,8c0d55bf42d242ac86f43c4031d6371f,33,2.6666666666666665,28.22858011174584,208.16666666666666,198.45833333333334,2.5416666666666665,5.706476586102719,353.06666666666666,14.71111111111111,3.1298026934436893,0.0,0.041666666666666664,0.01770203927492447
102,7c64b8d49dd5fbe34f44a9b4bae0e7b4,46,9.555555555555555,105.1887112259961,153.39147286821705,141.68217054263565,2.193798449612403,8.737632462074295,3148.6999999999966,12.204263565891459,3.975655964894078,0.1821705426356589,0.23255813953488372,0.027524586866537512
103,179ef343f855d34fa0262c720cdb9a52,3,5.25,56.992172361547794,164.28571428571428,151.0,2.0952380952380953,8.824497991967872,249.00000000000003,11.857142857142858,3.900978040687487,0.7142857142857143,0.0,0.028447121820615796
104,6cdff0516a17236168522e0a270f4671,32,4.142857142857143,53.86604010576356,224.68965517241378,211.24137931034483,2.1379310344827585,10.259899975403787,406.56666666666666,14.019540229885058,5.3626609837487464,0.06896551724137931,0.3793103448275862,0.014347790440272198
105,add2977c3e55ba8475f60054a75a8b14,10,5.625,76.79081112029364,313.64444444444445,301.6666666666667,1.3111111111111111,10.552361499861311,660.9499999999997,14.687777777777772,5.778421243767287,0.3111111111111111,0.26666666666666666,0.03782434374763598
106,122972e7c73c944e744e6eca819d93e7,24,3.6363636363636362,43.55240708651127,397.575,369.8,9.7,9.107785542019665,539.0333333333335,13.475833333333338,4.5758509699628425,0.075,0.75,0.013913796302022139
107,be34f66b259b110d8908297419741202,48,2.888888888888889,35.96276925875756,357.36538461538464,344.46153846153845,3.326923076923077,10.17753754625263,689.15,13.252884615384614,5.028709810328362,0.057692307692307696,0.2692307692307692,0.008464533604198408
108,02e440f6c209206375833cef02e0cbae,48,4.0,51.34878876019569,265.73214285714283,238.42857142857142,2.392857142857143,9.105675616241179,833.6833333333333,14.88720238095238,5.0539240575994775,0.17857142857142858,0.25,0.01599328282121509
109,8969d175c4676642b245af55d2dba19b,15,4.142857142857143,46.454337072813644,279.44827586206895,268.7931034482759,1.896551724137931,11.448489161375083,304.4666666666667,10.498850574712645,4.4811901901957665,0.896551724137931,0.0,0.027370264944164658
110,7f47fd2db9cfdc30fe46068ad017152b,41,4.2727272727272725,52.65262347937851,329.27659574468083,313.29787234042556,2.25531914893617,8.11508644991543,709.4666666666668,15.09503546099291,4.566997069500409,0.06382978723404255,0.574468085106383,0.024079120466077804
111,ac986e2a577103efe48b23cd17a4b6ed,35,6.0,70.1746383273356,212.61904761904762,199.9047619047619,2.4523809523809526,7.224158079252098,627.5333333333333,14.94126984126984,4.024187377611764,0.2857142857142857,0.14285714285714285,0.017263359184107086
112,e72a4e847306ddfd0540d630c79b33e4,14,3.75,39.10496099021959,220.73333333333332,207.4,3.7,6.905546968916366,388.2,12.94,3.331469215123384,0.23333333333333334,0.03333333333333333,0.04615318564313928
113,e246b5012a29db02ad24ce4b7e332b9b,53,4.285714285714286,38.613076978613535,217.23333333333332,202.03333333333333,4.233333333333333,4.811031067086898,370.16666666666663,12.338888888888887,2.2131847009747267,0.0,0.6666666666666666,0.018009905447996397
114,32b84f6d92b60badb7a8a6c47088151d,37,2.6,34.825319840155316,330.38461538461536,329.4871794871795,2207.076923076923,11.430009753641883,529.7166666666666,13.58247863247863,5.788007378721585,0.41025641025641024,0.0,0.007865840229053267
115,e33e7bd3f983ccbc3014e3689b1062f7,29,7.333333333333333,76.47129223366926,244.5681818181818,232.0,1.7954545454545454,7.785887236250432,530.0166666666667,12.045833333333333,3.496619732312625,0.1590909090909091,0.18181818181818182,0.018867331215999497
116,ccf0631bc6ad481b3d7becb69564f61b,16,5.833333333333333,80.00930399280311,224.88571428571427,210.22857142857143,2.857142857142857,8.33177041674711,604.2833333333333,17.265238095238093,5.363068090024482,0.02857142857142857,0.2571428571428571,0.03171801307333756
117,57c15602f0b088ce6b9e4f88edce149c,31,4.083333333333333,46.889874453709815,303.6530612244898,308.2244897959184,1748.6326530612246,8.480414805688177,649.3000000000001,13.251020408163267,4.189573974170677,0.20408163265306123,0.22448979591836735,0.023101801940551364
118,849726bb431c44a984e5f0f60923a0ff,26,5.4,68.09058434803501,333.5925925925926,317.31481481481484,3.611111111111111,10.611706881143878,708.7,13.124074074074075,5.192271135763499,0.09259259259259259,0.24074074074074073,0.01175861906777668
119,459af73e5a9d360ff51cf284c571f01b,19,3.272727272727273,34.417769460923374,324.30555555555554,298.9166666666667,11.527777777777779,7.5385787556678805,448.43333333333345,12.456481481481484,3.500969341469174,0.08333333333333333,0.4166666666666667,0.01765405485765257
120,7062cc9432dba19f5b474be707a73525,33,12.823529411764707,170.7179780130303,7.217889908256881,189.98853211009174,3.7889908256880735,8.35354037324507,7210.633333333336,16.538149847094807,5.150636998265743,0.022935779816513763,0.5045871559633027,0.01733550913234621
121,d952de85df73349f0280fbb2345148ae,29,4.363636363636363,51.90445128908481,292.8541666666667,279.5208333333333,2.8333333333333335,8.263085736669442,680.7666666666665,14.182638888888887,4.369208288283811,0.0,0.3333333333333333,0.023258091367575773
122,be22fe5992cb9557d7748113ea1f6057,22,6.8,101.80911829279913,318.05882352941177,308.38235294117646,2538.676470588235,11.438044996121024,537.0833333333334,15.79656862745098,6.736247011014381,0.38235294117647056,0.3235294117647059,0.017843289371605897
123,d787d7b7e3798edd7498b9cbd9b59206,8,6.571428571428571,72.06280304792203,329.67391304347825,339.7391304347826,1857.304347826087,8.907814537404859,549.6166666666667,11.9481884057971,3.9680457719367546,0.021739130434782608,0.43478260869565216,0.014403978530490948
124,276f6a36e30c69076c4cab7970ade946,9,4.666666666666667,62.21729124476609,475.64285714285717,529.7380952380952,1993.7142857142858,6.7955613908771335,787.0333333333333,18.738888888888887,4.747583599783881,0.0,0.3333333333333333,0.025941298547287283
125,98a7f586f974550506502f52e47700f5,35,9.0,133.81548277485732,508.3703703703704,497.0,3.462962962962963,11.022840882873183,866.8666666666668,16.05308641975309,6.59713735881606,0.0,0.5,0.008651849573175422
126,5f34c8fc5bdd33f14bb71999b8286aef,18,5.166666666666667,59.70463385956702,197.51612903225808,184.41935483870967,2.032258064516129,7.851760820308,433.9833333333334,13.9994623655914,4.098093508178268,0.12903225806451613,0.2903225806451613,0.013441376396943048
127,514da6a81ecbe7cd98fc71045c66aae1,31,3.4444444444444446,38.82894575692174,201.6451612903226,189.29032258064515,3.5483870967741935,7.604308124560993,427.1,13.77741935483871,3.9059891111443403,0.41935483870967744,0.22580645161290322,0.008780145165066729
128,ac51126328b559dd3872766d2455bba0,40,5.9,69.88574118914171,197.54237288135593,183.57627118644066,1.694915254237288,6.662120196209902,944.5666666666667,16.009604519774012,3.9764590305784897,0.0,0.5932203389830508,0.012792462151956806
129,af4bae4a0b7a75194dbd4951c78bb98a,12,3.25,40.64714412740627,362.9230769230769,350.7307692307692,1.8461538461538463,10.577249408050513,337.86666666666656,12.994871794871791,5.124460959150957,0.0,0.8076923076923077,0.034530386740331494
130,c7fa83cac784c0f6225cfe30bb96572b,12,6.833333333333333,73.06808935823243,219.3170731707317,207.53658536585365,2.268292682926829,6.829695240954812,555.0833333333335,13.538617886178866,3.447300165770122,0.0,0.5609756097560976,0.03452934994745534
131,9b7b9829183e266882d4815d95357a1a,18,4.6,49.91394969863422,297.7826086956522,291.4347826086956,1873.1739130434783,8.849682666830981,540.9666666666666,11.76014492753623,3.880108021597836,0.1956521739130435,0.5434782608695652,0.028498367120586603
132,fd831ca1d79ae5c6fc3a679a22e5b8cf,16,3.8,34.36024088798306,179.26315789473685,168.68421052631578,2.473684210526316,6.019732149932641,210.31666666666672,11.069298245614037,2.4842809049541725,0.21052631578947367,0.15789473684210525,0.03169823282352009
133,1cf95d6dd025d792340b623bcff18260,43,6.142857142857143,61.38769563328831,275.25581395348837,264.04651162790697,2.4186046511627906,6.328137867927405,546.4166666666666,12.70736434108527,2.9980223006340023,0.023255813953488372,0.23255813953488372,0.017538508464236692
134,7767360462c03c38f487f16f57b02e02,28,3.2857142857142856,37.18229751208275,358.8695652173913,349.9130434782609,0.30434782608695654,7.736605727570538,315.43333333333334,13.714492753623189,3.9557939225423766,0.0,0.6521739130434783,0.013209341646412343
135,06b1ba06e5505f8218ec8686498f990a,13,6.285714285714286,64.68739551321542,202.8181818181818,191.1590909090909,2.227272727272727,6.3236198940352075,585.1,13.297727272727274,3.1350655322283445,0.0,0.6590909090909091,0.03418219107844813
136,da8f13b0ebc53fe1147d982f087b5806,50,4.3,57.650366662938424,250.04651162790697,241.53488372093022,2.3488372093023258,8.859485228613392,692.2166666666667,16.098062015503878,5.317231012799989,0.023255813953488372,0.23255813953488372,0.01083475790335396
137,6bc4ee6df691c3bed34c69aa93964ee9,45,3.5833333333333335,40.176491881074774,283.13953488372096,263.09302325581393,2.0930232558139537,7.164659628285494,606.1999999999999,14.09767441860465,3.7657066409717,0.0,0.627906976744186,0.014434180138568129
138,34699d5745d74c7076fd1ef051b795a9,28,9.333333333333334,125.10454243354418,371.32142857142856,330.32142857142856,1542.607142857143,8.79572564612326,905.4,16.16785714285714,5.30185177952275,0.0,0.5357142857142857,0.02208968411751712
139,bb2984ebd891be82156fff038a85aafa,44,4.25,49.44105521311014,228.6764705882353,217.38235294117646,1.7058823529411764,9.029371790999697,441.4666666666667,12.984313725490196,4.370991688956891,0.14705882352941177,0.17647058823529413,0.01982029598308668
140,7aee4951b59fcd1edda02bbecaa2a717,31,3.6363636363636362,42.01191435148833,335.175,306.65,2.2,9.482692630518718,496.4166666666667,12.410416666666666,4.387543962121119,0.1,0.375,0.015108275977841196
141,b9926f42a5fd6cc0c455fe59a21961ab,45,7.116279069767442,110.62511471561889,33.3235294117647,19.225490196078432,1.1013071895424837,10.945646876702119,5232.450000000003,17.099509803921578,6.977961005571156,0.13398692810457516,0.31699346405228757,0.010113171968516979
142,6db38fccb3ac1de3981b701eb5a15d84,55,3.533333333333333,49.551447606265086,514.811320754717,501.22641509433964,2.339622641509434,10.39592861809866,816.2666666666669,15.401257861635225,5.969293400716713,0.0,0.5094339622641509,0.0030627245998039857
143,f1a2419d56c2a09edf4030caeebeb5b6,24,4.0,50.51518359286001,270.5,259.6875,2.375,7.160319030542847,539.1333333333332,16.847916666666663,4.497612375259424,0.0625,0.875,0.003864226536416471
144,5e5bfc73736d6aa15ac33ea01d47e5ee,17,6.2,68.26870413130021,292.8709677419355,282.0,2.774193548387097,7.9720049916805324,400.66666666666663,12.924731182795698,3.8414264793782427,0.25806451612903225,0.0967741935483871,0.022878535773710483
145,fb83fc6555a4f700fd92630d9fcb9cea,29,2.9411764705882355,44.76623619766671,505.16,470.26,2.68,11.08535424137442,822.6499999999999,16.452999999999996,6.799830986615632,0.16,0.24,0.017727263518304667
146,37ac4f9379c836b08c9a6e2315fd66af,50,2.75,28.219223341815077,294.1818181818182,299.0,1950.340909090909,5.830760356004834,606.7333333333336,13.789393939393944,2.997600936352226,0.0,0.22727272727272727,0.06936050983408416
147,ac3c378542ada7cfedc24720ef9e3273,36,3.6153846153846154,40.40845965426821,226.04255319148936,216.9787234042553,3.0,6.187346009018642,717.0333333333333,15.256028368794325,3.5192436492401145,0.0,0.2127659574468085,0.01743294128585375
148,ed0c7d2a0d5f60d527c0c3643495ddca,30,2.9,43.4065999718311,540.1206896551724,519.8275862068965,2.3620689655172415,13.40977030219109,818.4666666666668,14.111494252873566,7.055012485306677,0.05172413793103448,0.10344827586206896,0.00610898427954712
149,bf2693c5774a77e478e418119be97c5c,14,4.5,59.84209666074292,649.8148148148148,631.8888888888889,2.0,11.465314196338209,362.29999999999995,13.418518518518518,5.735799676794122,0.0,0.5185185185185185,0.00690035881865857
150,da3325f424c71942ca8a3401615a0e6c,55,4.4,45.560727629960105,275.6363636363636,248.77272727272728,2.8181818181818183,6.922935562273993,281.15,12.779545454545454,3.2984441956442905,0.13636363636363635,0.4090909090909091,0.0074100420890390655
151,5a22303ccd79309f5324acc7b0e751bf,45,6.0,61.01633441193285,113.83333333333333,100.08333333333333,3.3333333333333335,6.022303870834196,644.1333333333331,13.419444444444439,3.0130105094842192,0.041666666666666664,0.041666666666666664,0.015524736079486649
152,46fcd24790c5eae35fa517051024bfe7,48,12.416666666666666,140.89342502292175,15.822147651006711,3.1879194630872485,2.3288590604026846,8.684787301310424,3821.9166666666665,12.825223713646531,4.152671531612067,0.14093959731543623,0.2080536912751678,0.01984170246167935
153,6b0ba48a13c721f5fb766339a42d25f2,61,7.122448979591836,72.03583859593772,37.865329512893986,26.59025787965616,1.1977077363896849,8.350248185833214,3837.850000000002,10.996704871060178,3.423461104541494,0.07163323782234957,0.498567335243553,0.014548075962670071
154,ddee9dcc776c7b87e68628ffa0f99dc7,47,1.4666666666666666,19.52820236259722,394.6818181818182,380.02272727272725,2.090909090909091,9.783250607779578,658.1333333333334,14.95757575757576,5.455666749892955,0.06818181818181818,0.4318181818181818,0.013295178282009724
155,9b665130b27de44f369a44b2cb752670,26,4.0,44.34489269399142,271.1388888888889,258.30555555555554,2.0277777777777777,9.21345861437093,427.48333333333323,11.874537037037035,4.078897767614881,0.5277777777777778,0.2777777777777778,0.038987874770946236
156,d1b2185245eeac47821e98471c915947,39,2.65,32.97893538427762,349.9433962264151,324.54716981132077,0.6792452830188679,11.663425696634778,639.3833333333333,12.06383647798742,5.245839675047852,0.2641509433962264,0.32075471698113206,0.013033391549148919
157,fba8372d56b91b1bff7b71d970b5af58,59,3.1923076923076925,44.77187926106354,442.6385542168675,420.10843373493975,2.0481927710843375,9.449974953878483,1364.1500000000003,16.435542168674704,5.790527614328467,0.012048192771084338,0.5542168674698795,0.009774096201541864
158,f395649fb47860aebc4817c7a6ea90e6,46,3.6153846153846154,38.16294073824816,267.9148936170213,266.0425531914894,1824.2978723404256,5.789553294786406,683.1500000000002,14.535106382978729,3.1373770508274967,0.0,0.1702127659574468,0.026226548586206055
159,b2d3f2fb171a12cac427107690c10089,32,3.066666666666667,47.828275764115865,555.8478260869565,553.2826086956521,1865.391304347826,11.998494990790242,741.9666666666666,16.129710144927536,7.2153396936686445,0.08695652173913043,0.6086956521739131,0.023585965227548408
160,d7ae05b007ca320a0d1fb128ccced638,57,6.486486486486487,76.64061164909299,214.8375,200.99583333333334,2.0791666666666666,6.912570251280431,3745.4833333333336,15.606180555555557,4.02197743588469,0.004166666666666667,0.5583333333333333,0.022916490528592216
161,b572ff3bea0c3095a3a5d24db765dd42,35,4.666666666666667,45.38011046258209,187.26190476190476,178.4047619047619,2.142857142857143,7.375730160991594,467.9333333333333,11.14126984126984,3.0636782780518725,0.047619047619047616,0.0,0.03917937028066676
162,d2fe91351bb890ca8ea9b76201b05964,23,5.375,66.557254341842,336.2093023255814,321.09302325581393,3.558139534883721,7.730644482408577,673.1499999999999,15.654651162790694,4.51193194610184,0.0,0.2558139534883721,0.02290227537200723
163,5cf93f7d1d3a8f0cf395c84053c31b1b,39,4.0,51.15389199476626,216.35714285714286,207.5,2.0714285714285716,8.644068455853754,428.5,15.303571428571429,4.931901986439872,0.25,0.17857142857142858,0.013613380007779074
164,148fb453d12992652b56d8bc2cfb1b78,46,3.625,36.279071314948986,190.0,181.68965517241378,2.0,7.606831176647607,332.3000000000001,11.458620689655177,3.2496722794480326,0.3793103448275862,0.034482758620689655,0.018808305747818235
165,e0493acb44c53e68e3c3aca626cd466b,25,7.333333333333333,82.52807709992916,200.36363636363637,188.72727272727272,3.1136363636363638,7.555381658429434,607.0000000000001,13.795454545454549,3.885937996039032,0.06818181818181818,0.13636363636363635,0.021965952773201538
166,9ac5116c46dc8515c0aec6f7153c6440,56,6.615384615384615,72.88061576105049,179.54651162790697,166.08527131782947,2.3217054263565893,7.541736110104685,3450.05,13.372286821705426,3.7599360631538206,0.12790697674418605,0.22868217054263565,0.0363521301623648
167,b1adb42b262bed41aeab28e9f6e93633,42,13.433333333333334,157.63147147802476,14.632754342431761,1.7468982630272953,2.456575682382134,6.64631961144905,6362.099999999999,15.78684863523573,3.911831248363115,0.06451612903225806,0.5037220843672456,0.0173553805609259
168,edca8abe7dd3a699bde27f9241e73dda,37,2.25,26.924829825684228,374.14814814814815,359.0740740740741,2.037037037037037,7.94021304366132,395.8499999999999,14.661111111111108,4.340127468863472,0.07407407407407407,0.2962962962962963,0.01578880889225717
169,118be60e268514eb85f66ddb82bfa407,22,3.0,41.5171608660725,375.6923076923077,360.2564102564103,1.6666666666666667,11.194234362487766,561.95,14.40897435897436,6.013549749491192,0.23076923076923078,0.5128205128205128,0.013346383130171724
170,ba5185bc3765e91878ea56a67f156acb,42,6.375,83.28055831220667,172.23529411764707,167.35294117647058,1689.9607843137255,8.564515463917525,808.3333333333333,15.849673202614378,5.060885999546277,0.35294117647058826,0.39215686274509803,0.016494845360824743
171,7553628edc729ab03cedd3ded8de8736,25,2.9,41.680088879085005,312.82758620689657,292.48275862068965,1.4137931034482758,10.45143683354419,461.0833333333334,15.899425287356324,6.195279024213397,0.13793103448275862,0.3793103448275862,0.036146755828664376
172,6241b9c147df1d0c7027321d4e1d53cf,27,8.25,89.27716906679284,259.68831168831167,246.1125541125541,2.29004329004329,7.324978194505015,3057.3333333333317,13.235209235209227,3.614436441558119,0.14285714285714285,0.1774891774891775,0.03270824247710423
173,e121472f6b4dd372dfceb87c7e30cbac,48,6.333333333333333,81.50224801816616,260.57894736842104,246.3421052631579,1.736842105263158,6.801151603139841,677.3166666666666,17.82412280701754,4.519538248108248,0.0,0.8421052631578947,0.009842761878983242
174,5c00ecb439cd4e2377e9bb3de84b0e74,66,4.166666666666667,49.75437674139712,159.12,143.78,2.34,6.933786972276059,791.1333333333333,15.822666666666667,4.090285458635217,0.02,0.42,0.008426729586247577
175,6df6c8f8d3c2a93314245a604c02bed1,37,1.4545454545454546,20.053700320590675,425.875,409.0625,3.0625,8.65111002085122,271.76666666666665,16.985416666666666,5.478371568469062,0.125,0.625,0.02606402551208144
176,5718c878f7879770af94d41951431983,45,4.875,56.41257846125326,216.89743589743588,206.74358974358975,1.9487179487179487,6.26025350233489,624.5833333333335,16.014957264957268,3.737843798365503,0.0,0.9487179487179487,0.022014676450967312
177,de0746635475c2be3d26489184659460,46,8.529411764705882,113.49994523269433,6.3517241379310345,292.651724137931,2.4034482758620688,8.856552243452825,4603.766666666667,15.87505747126437,5.2418361264394955,0.31724137931034485,0.22413793103448276,0.01574797448466111
178,1f8e4a81c9da3260c84f14483319a338,44,4.888888888888889,51.94339664154941,301.5681818181818,280.65909090909093,2.6363636363636362,7.703444302953126,549.6999999999999,12.493181818181817,3.5880745014613558,0.0,0.7727272727272727,0.019707719362076284
179,2ba60fe37b426385154d69d8eff687e1,39,3.1538461538461537,33.77865998770638,200.9268292682927,190.0487804878049,2.097560975609756,7.6859554528532,519.2999999999998,12.665853658536582,3.629407843906319,0.07317073170731707,0.2926829268292683,0.014442518775274409
180,58d8c3038cd500e773aff605e28ce8a7,34,3.125,40.825521597103986,394.92,383.34,2.5,11.594209239480119,647.5833333333331,12.951666666666663,5.5984813650316285,0.06,0.34,0.028310384763865656
181,367091701b7a57ef3e93c9fe2f6d3b3c,39,2.588235294117647,27.038414169052853,318.84090909090907,305.6818181818182,2.3863636363636362,7.762868455785306,530.3666666666667,12.05378787878788,3.4885842530591313,0.045454545454545456,0.20454545454545456,0.014926780214945635
182,133c19880625cbe91986ee3c402866cd,36,5.1,60.029780290056806,212.8235294117647,202.2549019607843,2.2745098039215685,5.717686301266014,879.3999999999997,17.243137254901956,3.675699964204057,0.13725490196078433,0.39215686274509803,0.01753089227503601
183,10ab4d373b29fb6ee31ae2b7b39fc574,21,3.2,44.890516035144834,571.6875,556.96875,2.5,10.383158606695975,492.8333333333335,15.401041666666671,5.961877229174693,0.34375,0.15625,0.015218126479540075
184,0822973f3e812a68a867962dbbd37f5d,27,2.4,23.806452206080337,158.38888888888889,146.69444444444446,2.3055555555555554,7.057879453774918,424.73333333333335,11.79814814814815,3.1044990147790053,0.8055555555555556,0.0,0.02256317689530686
185,9e003a96a6aa5a9207530767c2a8b310,26,5.333333333333333,68.58780750079744,285.53125,271.21875,2.046875,8.96201173396099,963.0166666666665,15.047135416666665,5.027623901723688,0.0,0.515625,0.022066077084162614
186,fac81ea6cbd540c89c7eee17e851a233,35,5.555555555555555,54.884902574738476,389.52,377.18,1727.52,7.765682323930956,554.2333333333332,11.084666666666665,3.2092659102489223,0.0,0.88,0.01353220665183136
187,c9b9fc54bf7c8edcbe35b1091f38cf0f,46,4.833333333333333,84.88256411289375,383.7068965517241,370.58620689655174,0.3793103448275862,11.320718946563987,1134.0666666666675,19.552873563218405,8.252547735353495,0.0,0.46551724137931033,0.016166010228675563
188,787fafc34f07b372b60981ccdc4018eb,27,5.214285714285714,61.435171671380225,361.3835616438356,343.1917808219178,4.438356164383562,10.01380608722937,902.9833333333332,12.369634703196345,4.618059202691957,0.3835616438356164,0.1780821917808219,0.02768600380221119
189,b14d2355eb3b7daf6b07c44a31fb23d4,41,5.0,52.78951814615517,201.6,195.15,0.05,6.6017241379310345,541.3333333333333,13.533333333333331,3.3309306920849546,0.0,0.075,0.013084975369458128
190,a854b4bcf206030120913620bc664396,59,9.078947368421053,97.29033234687684,225.38550724637682,211.30434782608697,2.455072463768116,6.534404847845402,4802.133333333331,13.91922705314009,3.3909751103296824,0.06666666666666667,0.23768115942028986,0.019869641270546422
191,dfe29c1db80f470f4fa8046bc7e5d8a0,56,4.818181818181818,56.24848216038875,392.41509433962267,410.33962264150944,1600.1132075471698,9.261371434173121,680.0666666666666,12.831446540880503,4.430516576466013,0.05660377358490566,0.37735849056603776,0.017155180864621117
192,19029e596b5c3e45cc6b3cca0640fa58,33,4.5,70.25891168429294,322.53333333333336,308.4,2.111111111111111,12.411764705882353,709.75,15.772222222222222,7.29843704044308,0.13333333333333333,0.13333333333333333,0.02172126335564166
193,604097f005384ad20d982e7584f27c09,28,3.6666666666666665,46.7372650853421,260.3818181818182,246.29090909090908,3.418181818181818,11.46246787249886,693.8500000000003,12.61545454545455,5.391188030779416,0.5636363636363636,0.0,0.0432370108813144
194,9da29e218f6be3ea257d35f98eee1088,60,7.021739130434782,79.84548938037976,244.89783281733747,236.65944272445822,0.16408668730650156,7.9144422825525185,4385.733333333327,13.578121775025782,4.006484438114181,0.11145510835913312,0.2724458204334365,0.026981424619219894
195,162441a5f1b85a5c3780686296c3bc75,48,2.2777777777777777,34.080075762827086,391.390243902439,384.8780487804878,2102.6341463414633,10.988448431392202,665.1333333333334,16.22276422764228,6.646066392312922,0.024390243902439025,0.24390243902439024,0.011902375463566203
196,6b941e22c8f9b2f159cce49fef9febff,39,6.375,74.76248790601528,400.8627450980392,392.0,1.803921568627451,8.245876603543067,709.3666666666664,13.90915032679738,4.276031314261821,0.09803921568627451,0.6078431372549019,0.008810676190028665
197,0abc4faab8bbdf4d62412655fe0a2398,33,7.666666666666667,78.59363704928037,187.65217391304347,177.91304347826087,2.4130434782608696,8.209167410429682,522.8666666666664,11.366666666666662,3.4788498228547375,0.30434782608695654,0.0,0.03426622465893153
198,85bfeb44e07b0d4e86c637353080289d,48,11.472222222222221,130.82016697884902,167.08232445520582,152.544794188862,2.2929782082324457,7.38718825354058,5888.866666666666,14.258757062146891,3.9270305595926396,0.13801452784503632,0.2324455205811138,0.04209921546873762
199,6a464f9c764040d89517cb5ed9257953,32,9.347826086956522,109.08871281791099,329.3906976744186,320.33953488372094,1.8930232558139535,8.633920628502109,2885.166666666667,13.419379844961242,4.319604078632842,0.19069767441860466,0.2372093023255814,0.02483969730229334
200,91278ab4c7170ed070a5cd653cab3d26,30,3.6363636363636362,40.77839748573762,254.525,243.875,1.775,8.586545406789677,507.6333333333334,12.690833333333334,4.062674761082183,0.375,0.25,0.00820802416442314
201,f91254f1c1b3112ef3464e477d23c9e8,35,1.6111111111111112,18.729132589435103,155.6206896551724,142.58620689655172,2.8620689655172415,9.365417762859476,367.43333333333334,12.670114942528736,4.423959618485711,0.6896551724137931,0.034482758620689655,0.04649369500136079
202,51b528390e8e7780595f6009b1f4cf72,30,17.142857142857142,183.49257858708125,262.26666666666665,249.7625,3.095833333333333,6.50965068028568,3341.733333333332,13.923888888888884,3.379260545730962,0.2,0.4083333333333333,0.028677732115070024
203,16cd1e08be52741e1516cade45ae7754,32,3.8125,53.134324042257504,350.75409836065575,336.37704918032784,0.18032786885245902,11.176076429295394,887.9666666666668,14.556830601092898,6.065402638328267,0.08196721311475409,0.3114754098360656,0.01079244716393258
204,7473815d8eb56f765461525f1bf48c93,38,4.25,49.62751083208024,390.02941176470586,372.11764705882354,1.588235294117647,8.596852521269215,456.45000000000005,13.425,4.302859995950112,0.058823529411764705,0.5294117647058824,0.0
205,8b0662c4244f85c5dd7ab46810ca6b04,40,2.1666666666666665,27.415480607417162,361.4102564102564,348.97435897435895,2.4615384615384617,9.129019941848512,567.4833333333335,14.550854700854703,4.952404441636053,0.02564102564102564,0.5128205128205128,0.025698258392316955
206,1805f90c5220ac830835df3309a76e78,63,1.7619047619047619,23.112524337592003,231.48648648648648,211.59459459459458,2.324324324324324,8.060484090290998,612.8333333333331,16.56306306306306,4.977430734573415,0.0,0.02702702702702703,0.014277943976067447
207,f129b4923a3e5d5f676a592a8e4b7efd,55,4.5,47.62975653663406,241.73333333333332,230.95555555555555,3.022222222222222,7.211120988787244,581.1833333333334,12.915185185185187,3.472217044116084,0.13333333333333333,0.06666666666666667,0.02867712425797941
208,28e4da66781b209cd9a299365a0dcab0,46,3.0,32.70605250093322,202.96296296296296,207.44444444444446,3189.5185185185187,7.1165699782451055,367.73333333333335,13.619753086419754,3.613627670694543,0.0,0.14814814814814814,0.009064539521392313
209,c56b62b863a81370827e04d2c0a669a8,57,2.8421052631578947,38.75653623486059,293.1666666666667,291.0740740740741,1594.9259259259259,8.64382248280694,903.95,16.739814814814817,5.394608509860725,0.0,0.2777777777777778,0.017515718052252154
210,8224c23bca05c2adb3fdf40752eb1b3c,70,6.462962962962963,83.99353583725068,32.022922636103154,15.40974212034384,2.1432664756446993,9.289493937274663,5219.049999999997,14.954297994269334,5.179186270917159,0.2808022922636103,0.16045845272206305,0.01668566757040713
211,619fb670865cb3e2583cc22fde1337f1,56,12.181818181818182,123.911024134343,49.25074626865672,38.72835820895522,128.57014925373133,6.431237228150646,8669.78333333334,12.939975124378119,3.102640203483805,0.056716417910447764,0.2253731343283582,0.029700857576217782
212,915b7e1b8cdd0e1bf9826e8ae91706b4,32,5.25,90.83801865775203,637.2857142857143,625.8571428571429,2054.7619047619046,13.168696011762544,725.4666666666669,17.27301587301588,8.480361958495852,0.0,0.40476190476190477,0.007466458371622863
213,bdca40c895def7985563060c5dcbd0ca,27,3.727272727272727,54.916509879638234,351.1707317073171,337.8780487804878,3.8780487804878048,11.187736288777254,643.6333333333334,15.69837398373984,6.547874344489652,0.2926829268292683,0.34146341463414637,0.0226578279558755
214,5efe1190183936849880ece11b1ece77,61,7.416666666666667,96.29654993325416,60.37640449438202,44.92134831460674,2.0758426966292136,8.914676737769385,5454.5499999999965,15.321769662921339,5.092346810326181,0.1151685393258427,0.5617977528089888,0.014590265619223095
215,ded0963ff2f6582b382b72de6f123a08,70,6.56140350877193,70.72451019171204,194.48930481283423,181.9090909090909,2.374331550802139,7.105811164594775,5010.183333333333,13.396212121212121,3.548943802584499,0.21122994652406418,0.0855614973262032,0.019626693633965492
216,1936720ce0900cbff6d9114328c84bee,63,2.6,32.7130161851028,349.15384615384613,327.9230769230769,2.0384615384615383,12.078134204466341,311.21666666666664,11.969871794871795,5.3900500061659296,0.46153846153846156,0.19230769230769232,0.012049483211053393
217,a21d85d9c18b9589f82a618f0531ecac,71,1.736842105263158,15.877995748938382,157.54545454545453,143.45454545454547,4.515151515151516,6.679916516459539,351.3666666666665,10.647474747474742,2.651679909437748,0.21212121212121213,0.030303030303030304,0.05099136704297505
218,987c2e7dfc9a93697b8dfd030487ff01,63,8.384615384615385,88.6281332206153,174.59327217125383,164.9113149847095,263.6330275229358,6.418753170016549,4501.816666666665,13.767023445463806,3.2945353517192015,0.027522935779816515,0.22935779816513763,0.0523862588806741
219,10d2c35bb4b440aa1eaf06d477ff27a6,27,4.0,65.1727167729214,518.75,495.9,1.85,10.920760842230402,729.0166666666667,18.225416666666668,7.4205108926640735,0.1,0.125,0.015431745959168743
220,2cc500616c927ce30d0bd1e87c699ef5,63,4.857142857142857,66.63079917884113,473.5,460.3235294117647,5.147058823529412,9.084312432562044,556.0666666666667,16.354901960784314,5.5391541581898025,0.0,0.6470588235294118,0.006743795707948687
221,4742b3f8432af0165e291edc6b8c5e53,40,3.2666666666666666,44.52497171041821,241.44897959183675,235.9591836734694,1760.1836734693877,10.044869066553169,744.0166666666664,15.184013605442171,5.686359448149996,0.46938775510204084,0.02040816326530612,0.014560605721198001
222,6cb35e276085548f3f095a85aa63af7b,29,4.0,47.83391565131403,362.5357142857143,347.2857142857143,4.071428571428571,6.8412432533035545,447.75000000000006,15.99107142857143,4.078646259602428,0.0,0.39285714285714285,0.047459519821328865
223,336c8ec2eb47bc1453b85ee78849038e,40,8.161290322580646,89.25397401285582,197.7509881422925,179.22134387351778,2.260869565217391,6.584437535981578,3618.750000000002,14.303359683794474,3.5112373417409075,0.21739130434782608,0.17786561264822134,0.02521588946459413
224,1c44fab20b7f0804c11d88dc0554edf4,28,4.555555555555555,52.17471491602952,356.1219512195122,335.609756097561,4.804878048780488,8.587684361192357,535.6333333333333,13.064227642276423,4.1827629990418735,0.07317073170731707,0.4878048780487805,0.024892650444956126
225,8b688ef44a5b17bd7150350d059e67ea,72,2.1379310344827585,32.84962255020228,303.258064516129,293.69354838709677,2.2580645161290325,12.962409257528929,927.5333333333333,14.96021505376344,7.2298121008932945,0.03225806451612903,0.7419354838709677,0.0022461007690649033
226,1aee4c95edf898beee1a8b49a1f898b0,65,5.76,89.70085628593093,223.72569444444446,214.67708333333334,296.4375,12.012711910170609,4629.516666666662,16.07471064814813,7.199256889988029,0.027777777777777776,0.375,0.010350252546162127
227,392f50e58bee8a34399972bf0cb175d3,40,8.515151515151516,90.22550451248412,193.77935943060498,176.8576512455516,2.608540925266904,6.555379863684346,3836.683333333336,13.65367734282326,3.3369595555340714,0.10320284697508897,0.07829181494661921,0.03909626804401371
228,7abb74e551c262a945929b92e0551b04,35,6.848484848484849,78.52613282363197,247.88938053097345,233.2433628318584,2.482300884955752,6.9337708063415455,3370.3666666666686,14.913126843657826,3.855153176078008,0.0,0.8849557522123894,0.014340675099642966
229,a7fa04a6b4111cac92989ac266ec40d2,31,2.857142857142857,35.81414580836746,310.2,321.18333333333334,1411.45,11.279653559353434,719.7000000000002,11.995000000000003,5.0442831636985765,0.08333333333333333,0.55,0.010999953684405539
230,96d7ab03f9156154f6f2144263a85579,65,10.0,113.61410255231249,199.0,187.11153846153846,2.8,6.414569742155949,3970.099999999998,15.269615384615378,3.6517334865415445,0.0,0.676923076923077,0.015532774153463809
231,8c40d50720fcc5990329f7312d1ad327,62,3.0714285714285716,51.31708261032178,424.3488372093023,410.8139534883721,2008.2325581395348,13.537697225082002,696.1166666666667,16.18875968992248,8.170748025841014,0.0,0.6046511627906976,0.0023942346828836163
232,20f5672c1b6a59b9d5ec09a34ad90e9b,41,5.0,58.56502496123325,187.33333333333334,177.82222222222222,4.466666666666667,7.62281906505926,655.3000000000002,14.562222222222227,4.138535742050227,0.0,0.7333333333333333,0.007630093087135663
233,3474d70dfe09a1d9545f436cd3f3136a,28,8.4,78.39999028918689,265.14285714285717,254.4047619047619,2056.214285714286,5.185950282700022,527.6500000000001,12.56309523809524,2.429005205919966,0.0,0.16666666666666666,0.02763827031807701
234,0b10af0ede0648dbe6ae05813c5cbf1b,28,4.75,49.56534930313047,227.89473684210526,217.0,2.263157894736842,9.630870811012832,401.35,10.561842105263159,3.7923522751726275,0.5789473684210527,0.02631578947368421,0.026992234541754912
235,4952bdd8850792b72466848cb4930f10,51,7.09375,78.32784905017999,225.08810572687224,210.25991189427313,2.171806167400881,6.95645821157218,3193.8666666666695,14.069897209985328,3.6490729857846893,0.19823788546255505,0.31277533039647576,0.026091675711780914
236,3e8d06b82eb75b584564ce66217b3514,34,12.090909090909092,159.57018286830174,235.27067669172934,222.43984962406014,2.3909774436090228,8.083289182476431,4435.55,16.675,5.025246888207382,0.0,0.5639097744360902,0.02423600229960208
237,fdbee494c73577d5b1266d1fec5c6c9a,27,3.9166666666666665,48.11388812598124,260.70212765957444,241.4255319148936,8.063829787234043,10.940235159162604,581.1666666666667,12.365248226950357,5.043510634331664,0.10638297872340426,0.6170212765957447,0.011471178663607686
238,cdab4b0c1ece5d2bc1d671ef6bf21382,43,4.0,39.15825960538689,280.7142857142857,267.0,3.892857142857143,6.930455758571135,324.73333333333335,11.597619047619048,2.9966365981440486,0.07142857142857142,0.5,0.021812769451857936
239,5420c76a41d255a40272c8f3c1f93c6a,70,2.625,40.12705863704652,681.5555555555555,659.3174603174604,2.6984126984126986,12.451792207792208,962.4999999999997,15.277777777777773,7.0924371836547015,0.0,0.49206349206349204,0.004761904761904762
240,52bc8ebc7db90d5b77453bf475677ebd,34,5.222222222222222,55.807439404881414,240.38297872340425,228.87234042553192,1.9148936170212767,5.910008471499455,688.5833333333333,14.650709219858154,3.228123911771417,0.0,0.5319148936170213,0.03146556940578482
241,afc352444f34fc17d988c3fdf916756b,29,4.2,45.82706710411306,322.0238095238095,305.0952380952381,2052.714285714286,6.271929111454353,615.0500000000001,14.64404761904762,3.4242520003763746,0.0,0.2857142857142857,0.022355906023900494
242,46e1da1c7fe0602747beb9fe6bbaf037,60,3.0,29.442251203674314,197.5151515151515,184.6060606060606,4.242424242424242,6.977575363261765,384.24999999999994,11.643939393939393,3.0290602848297308,0.3333333333333333,0.30303030303030304,0.01734981565820863
243,7b8eaf284addb604039c7e22d23c903f,67,4.862745098039215,56.930656601240564,300.8467741935484,288.4556451612903,0.9959677419354839,10.398930367004466,2963.6333333333328,11.950134408602148,4.633027784982584,0.04032258064516129,0.17338709677419356,0.017292962467241785
244,7a1fd3df8aa8197bdb3be8c5d4ffa92d,40,4.75,48.789398392612284,202.1578947368421,181.1578947368421,1.9736842105263157,6.892452241445064,480.71666666666664,12.650438596491227,3.250744175611709,0.13157894736842105,0.0,0.027736365842665464
245,1674103b16c39ab56a76884b7c2ca83e,54,6.96,80.05353104817299,23.410919540229884,7.675287356321839,2.5632183908045976,7.865853742574803,4837.133333333335,13.899808429118778,4.0762247935149825,0.3620689655172414,0.3074712643678161,0.015074355334426727
246,9c0158ebe58592fdb3d18fb9c4623db7,67,5.4,65.81607976949705,67.41750841750842,48.505050505050505,4.151515151515151,10.432887532856844,3747.3166666666657,12.617227833894498,4.907631164357524,0.5757575757575758,0.07407407407407407,0.019680749336191676
247,bd2cf0eb59f96babbb13b724d8d77b12,72,8.181818181818182,93.28967697090961,146.3925925925926,126.42222222222222,7.477777777777778,7.492783784610945,3812.0166666666664,14.118580246913579,3.944006952010233,0.2851851851851852,0.07407407407407407,0.030058455498183378
248,4d10262d534bd366736dcabc8d37a3bb,60,8.147058823529411,101.11194638406145,279.25992779783394,264.88808664259926,1.8339350180505416,9.016392129754518,3954.133333333336,14.274849578820707,4.798525161715059,0.1552346570397112,0.13357400722021662,0.021074993256002157
249,9d59581a50c97cf28d30f80cc77dd76c,74,5.3,53.67641399124277,178.9433962264151,168.64150943396226,1.9056603773584906,5.908625525946704,713.0,13.452830188679245,2.9634907172775153,0.0,0.20754716981132076,0.02395979429640019
250,011e5c5dfc5c2c92501b8b24d47509bc,68,2.8333333333333335,35.606106328267074,234.61764705882354,223.23529411764707,4.088235294117647,9.23311076870399,486.75000000000006,14.316176470588237,4.928088898700892,0.058823529411764705,0.23529411764705882,0.023112480739599383
251,039c5afbca8e03e4c18d9c8ea94140ac,61,1.5833333333333333,17.916807602288305,266.86842105263156,253.97368421052633,2.736842105263158,8.069405192244496,507.16666666666663,13.346491228070175,4.015245216574562,0.05263157894736842,0.0,0.014788038120276044
252,8506914d35a1146dd602b68a93b5be5a,66,3.533333333333333,44.786150564689734,395.54716981132077,378.9056603773585,1.7169811320754718,12.195793388862695,636.3000000000001,12.005660377358492,5.458829835551947,0.4528301886792453,0.11320754716981132,0.01898999423751899
253,05bad02e08c7f849e91dc1259da8b4ec,31,3.2857142857142856,44.37272931938382,349.5217391304348,324.7826086956522,10.543478260869565,9.644712692361994,708.2999999999998,15.397826086956519,5.536714753712162,0.30434782608695654,0.17391304347826086,0.018236152289519508
254,c97fa24cacdc7b092c81d9556d4a3aab,66,5.98,76.51198303420448,255.19732441471572,240.40133779264215,5.103678929765886,9.134660333257935,4420.999999999997,14.785953177257516,5.035529843701274,0.2809364548494983,0.3712374581939799,0.015268038905225063
255,583740d998ccdf639276e797a6caa9df,47,2.4375,25.58020302603345,410.12820512820514,393.4871794871795,1.9230769230769231,7.984001431639227,465.66666666666663,11.940170940170939,3.554140525196983,0.0,0.5128205128205128,0.0035790980672870437
256,5ae3c8ba3ae2b9230664674dadf8535a,38,7.371428571428571,87.90759531129883,231.31782945736435,216.22868217054264,4.75968992248062,6.139172989581062,4355.8499999999985,16.883139534883714,3.864261655531571,0.01937984496124031,0.3953488372093023,0.02620996284689938
257,3575446a7484516f5593add3ddd37451,70,6.982142857142857,111.23874969493565,144.20971867007674,134.67519181585678,219.29667519181586,11.08668553586161,6848.316666666661,17.51487638533673,7.239561311483601,0.03580562659846547,0.4296675191815857,0.010829911973502004
258,2ebb15757eae00c4c491f569ca1a72a4,73,6.8,69.89621385495505,282.79411764705884,269.47058823529414,5.794117647058823,5.733561835478455,476.53333333333313,14.015686274509799,2.9960034767632187,0.0,0.7352941176470589,0.007869334079462787
259,dc5fe88ac0b99e77e8630795cfc16981,73,9.789473684210526,118.63206311740741,212.6236559139785,198.86559139784947,2.4059139784946235,8.71901764786327,5240.483333333331,14.087320788530459,4.57930326343625,0.31451612903225806,0.3010752688172043,0.023614234056019007
260,3777e15bb2eb838394a372e119d96462,70,4.833333333333333,55.08537712699339,275.2758620689655,258.6551724137931,5.206896551724138,7.044215151634038,424.8166666666667,14.648850574712645,3.847154305705959,0.06896551724137931,0.3793103448275862,0.017654674565498844
261,3a1d9fb7a8cfd55ae38d1b4fb1520d1f,42,10.774193548387096,127.93493121163273,4.637724550898204,244.54790419161677,7.164670658682635,7.664869460770752,4939.766666666662,14.789720558882221,4.226376431771153,0.11976047904191617,0.3023952095808383,0.016701193713603207
262,7fc97bb967d4380b38e8490aceb85224,49,8.790697674418604,97.35756379450854,206.6137566137566,195.3095238095238,0.5026455026455027,6.854654167659593,5385.316666666665,14.24686948853615,3.6408973858487323,0.10582010582010581,0.40476190476190477,0.018569010178912413
263,4343b3dc4ad77e98d38808b64003bee0,53,6.257142857142857,73.15877581416106,273.6849315068493,263.1689497716895,2.4292237442922375,7.3446415198859265,3249.3666666666663,14.837290715372905,4.062830033333385,0.0136986301369863,0.6118721461187214,0.021157969245288826
264,2a4afd4ab156dd0a6a0dc48bdf5d8db7,37,5.25,67.45757697151214,290.3095238095238,277.8095238095238,2.9761904761904763,8.274187467008522,663.0499999999998,15.786904761904758,4.869964439725957,0.09523809523809523,0.5238095238095238,0.01696704622577483
265,cb5ecf234f7492c867bfa875a2c677b5,77,2.7857142857142856,29.544194178980206,304.4102564102564,290.61538461538464,4.0,6.683939623594796,527.8,13.533333333333331,3.3724128986783244,0.0,0.9487179487179487,0.007894404446128584
266,7f4350f4a358ac264ccf3b10c4966afc,78,7.2,71.08037659081778,259.0,248.86111111111111,3.0,6.672228387738701,435.5166666666667,12.097685185185187,3.009377205010198,0.0,0.7222222222222222,0.00191343614863572
267,80cb80668a3c444e3e8962d1c861b9d0,58,1.8695652173913044,27.85803433147407,304.6046511627907,285.0232558139535,3.7906976744186047,14.261936416184971,576.6666666666667,13.410852713178297,7.130801273149387,0.023255813953488372,0.0,0.0072254335260115606
268,ea1f8d9a6f34043a8e8a3f78dbda7f9a,70,10.043478260869565,103.96346298950881,216.56277056277057,205.982683982684,2.6406926406926408,5.533119257336354,3332.149999999999,14.42489177489177,2.975678717908452,0.03463203463203463,0.4588744588744589,0.020757368865947413
269,93587c4ead63454c615f4651e2841ba2,78,8.177777777777777,90.42313895809147,1.8641304347826086,220.78532608695653,5.383152173913044,6.8696177974051835,5223.2333333333345,14.193568840579713,3.635194295149889,0.07880434782608696,0.391304347826087,0.015475727040083728
270,f467b8de5a37d9a818c0cbb557089c55,38,1.8125,34.91455372155665,418.8965517241379,400.82758620689657,2.689655172413793,11.530315493406214,628.1166666666668,21.659195402298856,9.310799072483345,0.0,0.4827586206896552,0.014593891792925943
271,cea2a4389f823240e8dfbc3ea95e42f0,67,2.8181818181818183,38.1141807791713,395.64516129032256,377.0,2.5161290322580645,7.439832794758531,562.1833333333334,18.13494623655914,5.030172657434805,0.0,0.25806451612903225,0.0029646319409445316
272,8a64fa582ad5ac3bce95a38756b1875c,57,12.428571428571429,156.9086870243591,77.00492610837438,57.23152709359606,7.438423645320197,8.447970957190611,9273.666666666664,15.227695675971534,4.796120054763243,0.19704433497536947,0.277504105090312,0.026014521404694294
273,8da0796b60fa75a5ced6d1c3bf1f3064,70,8.767441860465116,98.28201325229088,189.19363395225463,172.50397877984085,5.925729442970822,6.906732643574749,5446.349999999999,14.44655172413793,3.7199772719323896,0.18037135278514588,0.33687002652519893,0.02279814309889498
274,daddf0bdb8874309dd07bd9d91396166,52,3.0,30.363590773121157,160.44444444444446,149.92592592592592,3.5185185185185186,9.111717267552182,281.0666666666666,10.409876543209874,3.536301285689234,0.7037037037037037,0.0,0.031131404174573055
275,8d5a99f2032a336a57222948915edf09,70,5.0,55.681967674119015,244.6,226.96666666666667,4.633333333333334,6.942958377136628,856.1000000000001,14.268333333333336,3.6933566969482317,0.016666666666666666,0.5333333333333333,0.011194175135303509
276,8eb2f1fd0858319b86b9e44b64660eb6,79,1.71875,28.87114290848009,414.92727272727274,396.5272727272727,2.0727272727272728,11.545933109701418,1003.6333333333333,18.247878787878786,7.854976122340384,0.01818181818181818,0.36363636363636365,0.0016606330333122986
277,9494350df132e6748afca3bc5d138dcc,43,2.6875,49.69911138365209,518.3023255813954,504.0,2005.6279069767443,13.513535702256652,791.7333333333336,18.4124031007752,9.276473585444965,0.046511627906976744,0.16279069767441862,0.00631525766251263
278,647bd8b8b02c285db177096a351f8e2c,65,5.666666666666667,65.24591293808504,271.52941176470586,251.58823529411765,7.0,6.385970381917381,534.5833333333334,15.723039215686276,3.743405224940586,0.0,0.9705882352941176,0.00779423226812159
279,c7de222dc1b99eddaa9a665687b94dc3,64,4.416666666666667,54.21619633031071,298.0943396226415,284.2830188679245,1.8679245283018868,8.379364129738045,780.0333333333334,14.717610062893083,4.597818254805498,0.018867924528301886,0.2830188679245283,0.01388829537199265
280,3babf7dbd39edd11603dcd53e50dc050,34,3.75,52.87240779760648,224.76666666666668,209.66666666666666,8.766666666666667,8.232023128498493,541.8999999999999,18.06333333333333,5.543804706691356,0.03333333333333333,0.06666666666666667,0.016146890570215906
281,7ee801015b6ba9dc0aa2687cb28b8361,56,4.358974358974359,59.05553303435215,234.37058823529412,220.6,3.9941176470588236,8.733405208358151,2798.066666666666,16.459215686274508,5.359153441783589,0.0,0.15294117647058825,0.018316218341235615
282,f696de645de36b56677457d2d3136524,57,3.625,45.354320428975015,227.06896551724137,216.89655172413794,2.8620689655172415,8.096424984189577,448.01666666666665,15.448850574712644,4.663295255326343,0.0,0.06896551724137931,0.023250623116699527
283,80597153cf2bec000612ba2e45a72d91,80,5.0,58.61867895926052,265.7111111111111,250.3111111111111,2.5955555555555554,6.904292343387471,3476.733333333335,15.452148148148154,3.9775118302464922,0.0044444444444444444,0.84,0.012224118425341796
284,2231ec7a993e7ce92f79588ccc405e21,49,3.0,46.89793468735232,321.4871794871795,310.87179487179486,2.5641025641025643,10.958443942739475,671.7833333333335,17.22521367521368,7.037476423684435,0.07692307692307693,0.6153846153846154,0.00806311558786315
285,a60115fe0ec8c0e2d4fb8958a28567f6,51,4.714285714285714,51.905049283734776,384.030303030303,356.6666666666667,3.393939393939394,7.69271371199082,435.7499999999999,13.204545454545451,3.787097364588759,0.0,0.3939393939393939,0.006693440428380187
286,419eef26d8db5ccac04bf5d87af8059a,51,6.275862068965517,67.46271669545693,282.3021978021978,267.64285714285717,0.2857142857142857,8.27174806093452,2211.1166666666672,12.148992673992677,3.7466317842124077,0.08791208791208792,0.25824175824175827,0.0260049597865332
